Workbook
Name Slicer_Month: #N/A
Name Slicer_Sector: #N/A
Name Slicer_Year: #N/A

Sheet Raw Data
A1: Sector | B1: Year | C1: Month | D1: Cereals and products | E1: Meat and fish | F1: Egg | G1: Milk and products | H1: Oils and fats | I1: Fruits | J1: Vegetables | K1: Pulses and products | L1: Sugar and Confectionery | M1: Spices | N1: Non-alcoholic beverages | O1: Prepared meals, snacks, sweets etc. | P1: Food and beverages | Q1: Pan, tobacco and intoxicants | R1: Clothing | S1: Footwear | T1: Clothing and footwear | U1: Housing | V1: Fuel and light | W1: Household goods and services | X1: Health | Y1: Transport and communication | Z1: Recreation and amusement | AA1: Education | AB1: Personal care and effects | AC1: Miscellaneous | AD1: General index
A2: Rural | B2: 2013 | C2: January | D2: 107.5 | E2: 106.3 | F2: 108.1 | G2: 104.9 | H2: 106.1 | I2: 103.9 | J2: 101.9 | K2: 106.1 | L2: 106.8 | M2: 103.1 | N2: 104.8 | O2: 106.7 | P2: 105.5 | Q2: 105.1 | R2: 106.5 | S2: 105.8 | T2: 106.4 | U2: NA | V2: 105.5 | W2: 104.8 | X2: 104 | Y2: 103.3 | Z2: 103.4 | AA2: 103.8 | AB2: 104.7 | AC2: 104 | AD2: 105.1
A3: Urban | B3: 2013 | C3: January | D3: 110.5 | E3: 109.1 | F3: 113 | G3: 103.6 | H3: 103.4 | I3: 102.3 | J3: 102.9 | K3: 105.8 | L3: 105.1 | M3: 101.8 | N3: 105.1 | O3: 107.9 | P3: 105.9 | Q3: 105.2 | R3: 105.9 | S3: 105 | T3: 105.8 | U3: 100.3 | V3: 105.4 | W3: 104.8 | X3: 104.1 | Y3: 103.2 | Z3: 102.9 | AA3: 103.5 | AB3: 104.3 | AC3: 103.7 | AD3: 104
A4: Rural+Urban | B4: 2013 | C4: January | D4: 108.4 | E4: 107.3 | F4: 110 | G4: 104.4 | H4: 105.1 | I4: 103.2 | J4: 102.2 | K4: 106 | L4: 106.2 | M4: 102.7 | N4: 104.9 | O4: 107.3 | P4: 105.6 | Q4: 105.1 | R4: 106.3 | S4: 105.5 | T4: 106.2 | U4: 100.3 | V4: 105.5 | W4: 104.8 | X4: 104 | Y4: 103.2 | Z4: 103.1 | AA4: 103.6 | AB4: 104.5 | AC4: 103.9 | AD4: 104.6
A5: Rural | B5: 2013 | C5: February | D5: 109.2 | E5: 108.7 | F5: 110.2 | G5: 105.4 | H5: 106.7 | I5: 104 | J5: 102.4 | K5: 105.9 | L5: 105.7 | M5: 103.1 | N5: 105.1 | O5: 107.7 | P5: 106.3 | Q5: 105.6 | R5: 107.1 | S5: 106.3 | T5: 107 | U5: NA | V5: 106.2 | W5: 105.2 | X5: 104.4 | Y5: 103.9 | Z5: 104 | AA5: 104.1 | AB5: 104.6 | AC5: 104.4 | AD5: 105.8
A6: Urban | B6: 2013 | C6: February | D6: 112.9 | E6: 112.9 | F6: 116.9 | G6: 104 | H6: 103.5 | I6: 103.1 | J6: 104.9 | K6: 104.1 | L6: 103.8 | M6: 102.3 | N6: 106 | O6: 109 | P6: 107.2 | Q6: 106 | R6: 106.6 | S6: 105.5 | T6: 106.4 | U6: 100.4 | V6: 105.7 | W6: 105.2 | X6: 104.7 | Y6: 104.4 | Z6: 103.3 | AA6: 103.7 | AB6: 104.3 | AC6: 104.3 | AD6: 104.7
A7: Rural+Urban | B7: 2013 | C7: February | D7: 110.4 | E7: 110.2 | F7: 112.8 | G7: 104.9 | H7: 105.5 | I7: 103.6 | J7: 103.2 | K7: 105.3 | L7: 105.1 | M7: 102.8 | N7: 105.5 | O7: 108.3 | P7: 106.6 | Q7: 105.7 | R7: 106.9 | S7: 106 | T7: 106.8 | U7: 100.4 | V7: 106 | W7: 105.2 | X7: 104.5 | Y7: 104.2 | Z7: 103.6 | AA7: 103.9 | AB7: 104.5 | AC7: 104.4 | AD7: 105.3
A8: Rural | B8: 2013 | C8: March | D8: 110.2 | E8: 108.8 | F8: 109.9 | G8: 105.6 | H8: 106.2 | I8: 105.7 | J8: 101.4 | K8: 105.7 | L8: 105 | M8: 103.3 | N8: 105.6 | O8: 108.2 | P8: 106.6 | Q8: 106.5 | R8: 107.6 | S8: 106.8 | T8: 107.5 | U8: NA | V8: 106.1 | W8: 105.6 | X8: 104.7 | Y8: 104.6 | Z8: 104 | AA8: 104.3 | AB8: 104.3 | AC8: 104.6 | AD8: 106
A9: Urban | B9: 2013 | C9: March | D9: 113.9 | E9: 111.4 | F9: 113.2 | G9: 104.3 | H9: 102.7 | I9: 104.9 | J9: 103.8 | K9: 103.5 | L9: 102.6 | M9: 102.4 | N9: 107 | O9: 109.8 | P9: 107.3 | Q9: 106.8 | R9: 107.2 | S9: 106 | T9: 107 | U9: 100.4 | V9: 106 | W9: 105.7 | X9: 105.2 | Y9: 105.5 | Z9: 103.5 | AA9: 103.8 | AB9: 104.2 | AC9: 104.9 | AD9: 105
A10: Rural+Urban | B10: 2013 | C10: March | D10: 111.4 | E10: 109.7 | F10: 111.2 | G10: 105.1 | H10: 104.9 | I10: 105.3 | J10: 102.2 | K10: 105 | L10: 104.2 | M10: 103 | N10: 106.2 | O10: 108.9 | P10: 106.9 | Q10: 106.6 | R10: 107.4 | S10: 106.5 | T10: 107.3 | U10: 100.4 | V10: 106.1 | W10: 105.6 | X10: 104.9 | Y10: 105.1 | Z10: 103.7 | AA10: 104 | AB10: 104.3 | AC10: 104.7 | AD10: 105.5
A11: Rural | B11: 2013 | C11: April | D11: 110.2 | E11: 109.5 | F11: 106.9 | G11: 106.3 | H11: 105.7 | I11: 108.3 | J11: 103.4 | K11: 105.7 | L11: 104.2 | M11: 103.2 | N11: 106.5 | O11: 108.8 | P11: 107.1 | Q11: 107.1 | R11: 108.1 | S11: 107.4 | T11: 108 | U11: NA | V11: 106.5 | W11: 106.1 | X11: 105.1 | Y11: 104.4 | Z11: 104.5 | AA11: 104.8 | AB11: 102.7 | AC11: 104.6 | AD11: 106.4
A12: Urban | B12: 2013 | C12: April | D12: 114.6 | E12: 113.4 | F12: 106 | G12: 104.7 | H12: 102.1 | I12: 109.5 | J12: 109.7 | K12: 104.6 | L12: 102 | M12: 103.5 | N12: 108.2 | O12: 110.6 | P12: 108.8 | Q12: 108.5 | R12: 107.9 | S12: 106.4 | T12: 107.7 | U12: 100.5 | V12: 106.4 | W12: 106.5 | X12: 105.7 | Y12: 105 | Z12: 104 | AA12: 105.2 | AB12: 103.2 | AC12: 105.1 | AD12: 105.7
A13: Rural+Urban | B13: 2013 | C13: April | D13: 111.6 | E13: 110.9 | F13: 106.6 | G13: 105.7 | H13: 104.4 | I13: 108.9 | J13: 105.5 | K13: 105.3 | L13: 103.5 | M13: 103.3 | N13: 107.2 | O13: 109.6 | P13: 107.7 | Q13: 107.5 | R13: 108 | S13: 107 | T13: 107.9 | U13: 100.5 | V13: 106.5 | W13: 106.3 | X13: 105.3 | Y13: 104.7 | Z13: 104.2 | AA13: 105 | AB13: 102.9 | AC13: 104.8 | AD13: 106.1
A14: Rural | B14: 2013 | C14: May | D14: 110.9 | E14: 109.8 | F14: 105.9 | G14: 107.5 | H14: 105.3 | I14: 108.1 | J14: 107.3 | K14: 106.1 | L14: 103.7 | M14: 104 | N14: 107.4 | O14: 109.9 | P14: 108.1 | Q14: 108.1 | R14: 108.8 | S14: 107.9 | T14: 108.6 | U14: NA | V14: 107.5 | W14: 106.8 | X14: 105.7 | Y14: 104.1 | Z14: 105 | AA14: 105.5 | AB14: 102.1 | AC14: 104.8 | AD14: 107.2
A15: Urban | B15: 2013 | C15: May | D15: 115.4 | E15: 114.2 | F15: 102.7 | G15: 105.5 | H15: 101.5 | I15: 110.6 | J15: 123.7 | K15: 105.2 | L15: 101.9 | M15: 105 | N15: 109.1 | O15: 111.3 | P15: 111.1 | Q15: 109.8 | R15: 108.5 | S15: 106.7 | T15: 108.3 | U15: 100.5 | V15: 107.2 | W15: 107.1 | X15: 106.2 | Y15: 103.9 | Z15: 104.6 | AA15: 105.7 | AB15: 102.6 | AC15: 104.9 | AD15: 106.6
A16: Rural+Urban | B16: 2013 | C16: May | D16: 112.3 | E16: 111.3 | F16: 104.7 | G16: 106.8 | H16: 103.9 | I16: 109.3 | J16: 112.9 | K16: 105.8 | L16: 103.1 | M16: 104.3 | N16: 108.1 | O16: 110.5 | P16: 109.2 | Q16: 108.6 | R16: 108.7 | S16: 107.4 | T16: 108.5 | U16: 100.5 | V16: 107.4 | W16: 106.9 | X16: 105.9 | Y16: 104 | Z16: 104.8 | AA16: 105.6 | AB16: 102.3 | AC16: 104.8 | AD16: 106.9
A17: Rural | B17: 2013 | C17: June | D17: 112.3 | E17: 112.1 | F17: 108.1 | G17: 108.3 | H17: 105.9 | I17: 109.2 | J17: 118 | K17: 106.8 | L17: 104.1 | M17: 105.4 | N17: 108.2 | O17: 111 | P17: 110.6 | Q17: 109 | R17: 109.7 | S17: 108.8 | T17: 109.5 | U17: NA | V17: 108.5 | W17: 107.5 | X17: 106.3 | Y17: 105 | Z17: 105.6 | AA17: 106.5 | AB17: 102.5 | AC17: 105.5 | AD17: 108.9
A18: Urban | B18: 2013 | C18: June | D18: 117 | E18: 120.1 | F18: 112.5 | G18: 107.3 | H18: 101.3 | I18: 112.4 | J18: 143.6 | K18: 105.4 | L18: 101.4 | M18: 106.4 | N18: 110 | O18: 112.2 | P18: 115 | Q18: 110.9 | R18: 109.2 | S18: 107.2 | T18: 108.9 | U18: 106.6 | V18: 108 | W18: 107.7 | X18: 106.5 | Y18: 105.2 | Z18: 105.2 | AA18: 108.1 | AB18: 103.3 | AC18: 106.1 | AD18: 109.7
A19: Rural+Urban | B19: 2013 | C19: June | D19: 113.8 | E19: 114.9 | F19: 109.8 | G19: 107.9 | H19: 104.2 | I19: 110.7 | J19: 126.7 | K19: 106.3 | L19: 103.2 | M19: 105.7 | N19: 109 | O19: 111.6 | P19: 112.2 | Q19: 109.5 | R19: 109.5 | S19: 108.1 | T19: 109.3 | U19: 106.6 | V19: 108.3 | W19: 107.6 | X19: 106.4 | Y19: 105.1 | Z19: 105.4 | AA19: 107.4 | AB19: 102.8 | AC19: 105.8 | AD19: 109.3
A20: Rural | B20: 2013 | C20: July | D20: 113.4 | E20: 114.9 | F20: 110.5 | G20: 109.3 | H20: 106.2 | I20: 110.3 | J20: 129.2 | K20: 107.1 | L20: 104.3 | M20: 106.4 | N20: 109.1 | O20: 112.1 | P20: 113.1 | Q20: 109.8 | R20: 110.5 | S20: 109.5 | T20: 110.3 | U20: NA | V20: 109.5 | W20: 108.3 | X20: 106.9 | Y20: 106.8 | Z20: 106.4 | AA20: 107.8 | AB20: 102.5 | AC20: 106.5 | AD20: 110.7
A21: Urban | B21: 2013 | C21: July | D21: 117.8 | E21: 119.2 | F21: 114 | G21: 108.3 | H21: 101.1 | I21: 113.2 | J21: 160.9 | K21: 105.1 | L21: 101.3 | M21: 107.5 | N21: 110.4 | O21: 113.1 | P21: 117.5 | Q21: 111.7 | R21: 109.8 | S21: 107.8 | T21: 109.5 | U21: 107.7 | V21: 108.6 | W21: 108.1 | X21: 107.1 | Y21: 107.3 | Z21: 105.9 | AA21: 110.1 | AB21: 103.2 | AC21: 107.3 | AD21: 111.4
A22: Rural+Urban | B22: 2013 | C22: July | D22: 114.8 | E22: 116.4 | F22: 111.9 | G22: 108.9 | H22: 104.3 | I22: 111.7 | J22: 140 | K22: 106.4 | L22: 103.3 | M22: 106.8 | N22: 109.6 | O22: 112.6 | P22: 114.7 | Q22: 110.3 | R22: 110.2 | S22: 108.8 | T22: 110 | U22: 107.7 | V22: 109.2 | W22: 108.2 | X22: 107 | Y22: 107.1 | Z22: 106.1 | AA22: 109.1 | AB22: 102.8 | AC22: 106.9 | AD22: 111
A23: Rural | B23: 2013 | C23: August | D23: 114.3 | E23: 115.4 | F23: 111.1 | G23: 110 | H23: 106.4 | I23: 110.8 | J23: 138.9 | K23: 107.4 | L23: 104.1 | M23: 106.9 | N23: 109.7 | O23: 112.6 | P23: 114.9 | Q23: 110.7 | R23: 111.3 | S23: 110.2 | T23: 111.1 | U23: NA | V23: 109.9 | W23: 108.7 | X23: 107.5 | Y23: 107.8 | Z23: 106.8 | AA23: 108.7 | AB23: 105 | AC23: 107.5 | AD23: 112.1
A24: Urban | B24: 2013 | C24: August | D24: 118.3 | E24: 120.4 | F24: 112.7 | G24: 108.9 | H24: 101.1 | I24: 108.7 | J24: 177 | K24: 104.7 | L24: 101 | M24: 108.5 | N24: 110.9 | O24: 114.3 | P24: 119.6 | Q24: 112.4 | R24: 110.6 | S24: 108.3 | T24: 110.2 | U24: 108.9 | V24: 109.3 | W24: 108.7 | X24: 107.6 | Y24: 108.1 | Z24: 106.5 | AA24: 110.8 | AB24: 106 | AC24: 108.3 | AD24: 112.7
A25: Rural+Urban | B25: 2013 | C25: August | D25: 115.6 | E25: 117.2 | F25: 111.7 | G25: 109.6 | H25: 104.5 | I25: 109.8 | J25: 151.8 | K25: 106.5 | L25: 103.1 | M25: 107.4 | N25: 110.2 | O25: 113.4 | P25: 116.6 | Q25: 111.2 | R25: 111 | S25: 109.4 | T25: 110.7 | U25: 108.9 | V25: 109.7 | W25: 108.7 | X25: 107.5 | Y25: 108 | Z25: 106.6 | AA25: 109.9 | AB25: 105.4 | AC25: 107.9 | AD25: 112.4
A26: Rural | B26: 2013 | C26: September | D26: 115.4 | E26: 115.7 | F26: 111.7 | G26: 111 | H26: 107.4 | I26: 110.9 | J26: 154 | K26: 108.1 | L26: 104.2 | M26: 107.9 | N26: 110.4 | O26: 114 | P26: 117.8 | Q26: 111.7 | R26: 112.7 | S26: 111.4 | T26: 112.5 | U26: NA | V26: 111.1 | W26: 109.6 | X26: 108.3 | Y26: 109.3 | Z26: 107.7 | AA26: 109.8 | AB26: 106.7 | AC26: 108.7 | AD26: 114.2
A27: Urban | B27: 2013 | C27: September | D27: 118.6 | E27: 119.1 | F27: 113.2 | G27: 109.6 | H27: 101.7 | I27: 103.2 | J27: 174.3 | K27: 105.1 | L27: 100.8 | M27: 109.1 | N27: 111.1 | O27: 115.4 | P27: 119.2 | Q27: 112.9 | R27: 111.4 | S27: 109 | T27: 111.1 | U27: 109.7 | V27: 109.5 | W27: 109.6 | X27: 107.9 | Y27: 110.4 | Z27: 107.4 | AA27: 111.2 | AB27: 106.9 | AC27: 109.4 | AD27: 113.2
A28: Rural+Urban | B28: 2013 | C28: September | D28: 116.4 | E28: 116.9 | F28: 112.3 | G28: 110.5 | H28: 105.3 | I28: 107.3 | J28: 160.9 | K28: 107.1 | L28: 103.1 | M28: 108.3 | N28: 110.7 | O28: 114.6 | P28: 118.3 | Q28: 112 | R28: 112.2 | S28: 110.4 | T28: 111.9 | U28: 109.7 | V28: 110.5 | W28: 109.6 | X28: 108.1 | Y28: 109.9 | Z28: 107.5 | AA28: 110.6 | AB28: 106.8 | AC28: 109 | AD28: 113.7
A29: Rural | B29: 2013 | C29: October | D29: 116.3 | E29: 115.4 | F29: 112.6 | G29: 111.7 | H29: 107.7 | I29: 113.2 | J29: 164.9 | K29: 108.3 | L29: 103.9 | M29: 108.2 | N29: 111.1 | O29: 114.9 | P29: 119.8 | Q29: 112.2 | R29: 113.6 | S29: 112.3 | T29: 113.4 | U29: NA | V29: 111.6 | W29: 110.4 | X29: 108.9 | Y29: 109.3 | Z29: 108.3 | AA29: 110.2 | AB29: 107.5 | AC29: 109.1 | AD29: 115.5
A30: Urban | B30: 2013 | C30: October | D30: 118.9 | E30: 118.1 | F30: 114.5 | G30: 110.4 | H30: 102.3 | I30: 106.2 | J30: 183.5 | K30: 105.3 | L30: 100.2 | M30: 109.6 | N30: 111.4 | O30: 116 | P30: 120.8 | Q30: 113.5 | R30: 112.5 | S30: 109.7 | T30: 112 | U30: 110.5 | V30: 109.7 | W30: 110.2 | X30: 108.2 | Y30: 109.7 | Z30: 108 | AA30: 111.3 | AB30: 107.3 | AC30: 109.4 | AD30: 114
A31: Rural+Urban | B31: 2013 | C31: October | D31: 117.1 | E31: 116.3 | F31: 113.3 | G31: 111.2 | H31: 105.7 | I31: 109.9 | J31: 171.2 | K31: 107.3 | L31: 102.7 | M31: 108.7 | N31: 111.2 | O31: 115.4 | P31: 120.2 | Q31: 112.5 | R31: 113.2 | S31: 111.2 | T31: 112.8 | U31: 110.5 | V31: 110.9 | W31: 110.3 | X31: 108.6 | Y31: 109.5 | Z31: 108.1 | AA31: 110.8 | AB31: 107.4 | AC31: 109.2 | AD31: 114.8
A32: Rural | B32: 2013 | C32: November | D32: 117.3 | E32: 114.9 | F32: 116.2 | G32: 112.8 | H32: 108.9 | I32: 116.6 | J32: 178.1 | K32: 109.1 | L32: 103.6 | M32: 109 | N32: 111.8 | O32: 116 | P32: 122.5 | Q32: 112.8 | R32: 114.6 | S32: 113.1 | T32: 114.4 | U32: NA | V32: 112.6 | W32: 111.3 | X32: 109.7 | Y32: 109.6 | Z32: 108.7 | AA32: 111 | AB32: 108.2 | AC32: 109.8 | AD32: 117.4
A33: Urban | B33: 2013 | C33: November | D33: 119.8 | E33: 116.3 | F33: 122.6 | G33: 112 | H33: 103.2 | I33: 110 | J33: 192.8 | K33: 106.3 | L33: 99.5 | M33: 110.3 | N33: 111.8 | O33: 117.1 | P33: 122.9 | Q33: 114.1 | R33: 113.5 | S33: 110.3 | T33: 113 | U33: 111.1 | V33: 110 | W33: 110.9 | X33: 108.6 | Y33: 109.5 | Z33: 108.5 | AA33: 111.3 | AB33: 107.9 | AC33: 109.6 | AD33: 115
A34: Rural+Urban | B34: 2013 | C34: November | D34: 118.1 | E34: 115.4 | F34: 118.7 | G34: 112.5 | H34: 106.8 | I34: 113.5 | J34: 183.1 | K34: 108.2 | L34: 102.2 | M34: 109.4 | N34: 111.8 | O34: 116.5 | P34: 122.6 | Q34: 113.1 | R34: 114.2 | S34: 111.9 | T34: 113.8 | U34: 111.1 | V34: 111.6 | W34: 111.1 | X34: 109.3 | Y34: 109.5 | Z34: 108.6 | AA34: 111.2 | AB34: 108.1 | AC34: 109.7 | AD34: 116.3
A35: Rural | B35: 2013 | C35: December | D35: 118.4 | E35: 115.9 | F35: 120.4 | G35: 113.8 | H35: 109.5 | I35: 115.5 | J35: 145.7 | K35: 109.5 | L35: 102.9 | M35: 109.8 | N35: 112.1 | O35: 116.8 | P35: 118.7 | Q35: 113.6 | R35: 115.8 | S35: 114 | T35: 115.5 | U35: NA | V35: 112.8 | W35: 112.1 | X35: 110.1 | Y35: 109.9 | Z35: 109.2 | AA35: 111.6 | AB35: 108.1 | AC35: 110.1 | AD35: 115.5
A36: Urban | B36: 2013 | C36: December | D36: 120.5 | E36: 118.1 | F36: 128.5 | G36: 112.8 | H36: 103.4 | I36: 110.7 | J36: 144.8 | K36: 107.1 | L36: 98.6 | M36: 111.9 | N36: 112.1 | O36: 118.1 | P36: 117.8 | Q36: 115 | R36: 114.2 | S36: 110.9 | T36: 113.7 | U36: 110.7 | V36: 110.4 | W36: 111.3 | X36: 109 | Y36: 109.7 | Z36: 108.9 | AA36: 111.4 | AB36: 107.7 | AC36: 109.8 | AD36: 113.3
A37: Rural+Urban | B37: 2013 | C37: December | D37: 119.1 | E37: 116.7 | F37: 123.5 | G37: 113.4 | H37: 107.3 | I37: 113.3 | J37: 145.4 | K37: 108.7 | L37: 101.5 | M37: 110.5 | N37: 112.1 | O37: 117.4 | P37: 118.4 | Q37: 114 | R37: 115.2 | S37: 112.7 | T37: 114.8 | U37: 110.7 | V37: 111.9 | W37: 111.7 | X37: 109.7 | Y37: 109.8 | Z37: 109 | AA37: 111.5 | AB37: 107.9 | AC37: 110 | AD37: 114.5
A38: Rural | B38: 2014 | C38: January | D38: 118.9 | E38: 117.1 | F38: 120.5 | G38: 114.4 | H38: 109 | I38: 115.5 | J38: 123.9 | K38: 109.6 | L38: 101.8 | M38: 110.2 | N38: 112.4 | O38: 117.3 | P38: 116 | Q38: 114 | R38: 116.5 | S38: 114.5 | T38: 116.2 | U38: NA | V38: 113 | W38: 112.6 | X38: 110.6 | Y38: 110.5 | Z38: 109.6 | AA38: 111.8 | AB38: 108.3 | AC38: 110.6 | AD38: 114.2
A39: Urban | B39: 2014 | C39: January | D39: 121.2 | E39: 122 | F39: 129.9 | G39: 113.6 | H39: 102.9 | I39: 112.1 | J39: 118.9 | K39: 107.5 | L39: 96.9 | M39: 112.7 | N39: 112.1 | O39: 119 | P39: 115.5 | Q39: 115.7 | R39: 114.8 | S39: 111.3 | T39: 114.3 | U39: 111.6 | V39: 111 | W39: 111.9 | X39: 109.7 | Y39: 110.8 | Z39: 109.8 | AA39: 111.5 | AB39: 108 | AC39: 110.5 | AD39: 112.9
A40: Rural+Urban | B40: 2014 | C40: January | D40: 119.6 | E40: 118.8 | F40: 124.1 | G40: 114.1 | H40: 106.8 | I40: 113.9 | J40: 122.2 | K40: 108.9 | L40: 100.2 | M40: 111 | N40: 112.3 | O40: 118.1 | P40: 115.8 | Q40: 114.5 | R40: 115.8 | S40: 113.2 | T40: 115.4 | U40: 111.6 | V40: 112.2 | W40: 112.3 | X40: 110.3 | Y40: 110.7 | Z40: 109.7 | AA40: 111.6 | AB40: 108.2 | AC40: 110.6 | AD40: 113.6
A41: Rural | B41: 2014 | C41: February | D41: 119.4 | E41: 117.7 | F41: 121.2 | G41: 115 | H41: 109 | I41: 116.6 | J41: 116 | K41: 109.8 | L41: 101.1 | M41: 110.4 | N41: 112.9 | O41: 117.8 | P41: 115.3 | Q41: 114.2 | R41: 117.1 | S41: 114.5 | T41: 116.7 | U41: NA | V41: 113.2 | W41: 112.9 | X41: 110.9 | Y41: 110.8 | Z41: 109.9 | AA41: 112 | AB41: 108.7 | AC41: 110.9 | AD41: 114
A42: Urban | B42: 2014 | C42: February | D42: 121.9 | E42: 122 | F42: 124.5 | G42: 115.2 | H42: 102.5 | I42: 114.1 | J42: 111.5 | K42: 108.2 | L42: 95.4 | M42: 113.5 | N42: 112.1 | O42: 119.9 | P42: 115.2 | Q42: 116.2 | R42: 115.3 | S42: 111.7 | T42: 114.7 | U42: 112.5 | V42: 111.1 | W42: 112.6 | X42: 110.4 | Y42: 111.3 | Z42: 110.3 | AA42: 111.6 | AB42: 108.7 | AC42: 111 | AD42: 113.1
A43: Rural+Urban | B43: 2014 | C43: February | D43: 120.2 | E43: 119.2 | F43: 122.5 | G43: 115.1 | H43: 106.6 | I43: 115.4 | J43: 114.5 | K43: 109.3 | L43: 99.2 | M43: 111.4 | N43: 112.6 | O43: 118.8 | P43: 115.3 | Q43: 114.7 | R43: 116.4 | S43: 113.3 | T43: 115.9 | U43: 112.5 | V43: 112.4 | W43: 112.8 | X43: 110.7 | Y43: 111.1 | Z43: 110.1 | AA43: 111.8 | AB43: 108.7 | AC43: 110.9 | AD43: 113.6
A44: Rural | B44: 2014 | C44: March | D44: 120.1 | E44: 118.1 | F44: 120.7 | G44: 116.1 | H44: 109.3 | I44: 119.6 | J44: 117.9 | K44: 110.2 | L44: 101.2 | M44: 110.7 | N44: 113 | O44: 118.3 | P44: 116.2 | Q44: 114.6 | R44: 117.5 | S44: 114.9 | T44: 117.2 | U44: NA | V44: 113.4 | W44: 113.4 | X44: 111.4 | Y44: 111.2 | Z44: 110.2 | AA44: 112.4 | AB44: 108.9 | AC44: 111.3 | AD44: 114.6
A45: Urban | B45: 2014 | C45: March | D45: 122.1 | E45: 121.4 | F45: 121.5 | G45: 116.2 | H45: 102.8 | I45: 117.7 | J45: 113.3 | K45: 108.9 | L45: 96.3 | M45: 114.1 | N45: 112.2 | O45: 120.5 | P45: 116 | Q45: 116.7 | R45: 115.8 | S45: 112.1 | T45: 115.2 | U45: 113.2 | V45: 110.9 | W45: 113 | X45: 110.8 | Y45: 111.6 | Z45: 110.9 | AA45: 111.8 | AB45: 109.2 | AC45: 111.4 | AD45: 113.7
A46: Rural+Urban | B46: 2014 | C46: Marcrh | D46: 120.7 | E46: 119.3 | F46: 121 | G46: 116.1 | H46: 106.9 | I46: 118.7 | J46: 116.3 | K46: 109.8 | L46: 99.6 | M46: 111.8 | N46: 112.7 | O46: 119.3 | P46: 116.1 | Q46: 115.2 | R46: 116.8 | S46: 113.7 | T46: 116.4 | U46: 113.2 | V46: 112.5 | W46: 113.2 | X46: 111.2 | Y46: 111.4 | Z46: 110.6 | AA46: 112 | AB46: 109 | AC46: 111.3 | AD46: 114.2
A47: Rural | B47: 2014 | C47: April | D47: 120.2 | E47: 118.9 | F47: 118.1 | G47: 117 | H47: 109.7 | I47: 125.5 | J47: 120.5 | K47: 111 | L47: 102.6 | M47: 111.2 | N47: 113.5 | O47: 118.7 | P47: 117.2 | Q47: 115.4 | R47: 118.1 | S47: 116.1 | T47: 117.8 | U47: NA | V47: 113.4 | W47: 113.7 | X47: 111.8 | Y47: 111.2 | Z47: 110.5 | AA47: 113 | AB47: 108.9 | AC47: 111.5 | AD47: 115.4
A48: Urban | B48: 2014 | C48: April | D48: 122.5 | E48: 121.7 | F48: 113.3 | G48: 117 | H48: 103.1 | I48: 126.7 | J48: 121.2 | K48: 111 | L48: 100.3 | M48: 115.3 | N48: 112.7 | O48: 121 | P48: 118.2 | Q48: 117.6 | R48: 116.3 | S48: 112.5 | T48: 115.7 | U48: 113.9 | V48: 110.9 | W48: 113.4 | X48: 111 | Y48: 111.2 | Z48: 111.2 | AA48: 112.5 | AB48: 109.1 | AC48: 111.4 | AD48: 114.7
A49: Rural+Urban | B49: 2014 | C49: April | D49: 120.9 | E49: 119.9 | F49: 116.2 | G49: 117 | H49: 107.3 | I49: 126.1 | J49: 120.7 | K49: 111 | L49: 101.8 | M49: 112.6 | N49: 113.2 | O49: 119.8 | P49: 117.6 | Q49: 116 | R49: 117.4 | S49: 114.6 | T49: 117 | U49: 113.9 | V49: 112.5 | W49: 113.6 | X49: 111.5 | Y49: 111.2 | Z49: 110.9 | AA49: 112.7 | AB49: 109 | AC49: 111.5 | AD49: 115.1
A50: Rural | B50: 2014 | C50: May | D50: 120.3 | E50: 120.2 | F50: 116.9 | G50: 118 | H50: 110.1 | I50: 126.3 | J50: 123.9 | K50: 111.5 | L50: 103.5 | M50: 111.6 | N50: 114.2 | O50: 119.2 | P50: 118.2 | Q50: 116.3 | R50: 118.7 | S50: 116.8 | T50: 118.5 | U50: NA | V50: 113.4 | W50: 114.1 | X50: 112.1 | Y50: 111.4 | Z50: 110.9 | AA50: 113.1 | AB50: 108.9 | AC50: 111.8 | AD50: 116
A51: Urban | B51: 2014 | C51: May | D51: 122.7 | E51: 124.1 | F51: 114.2 | G51: 119.1 | H51: 103.5 | I51: 129.2 | J51: 127 | K51: 112.6 | L51: 101.3 | M51: 117 | N51: 112.9 | O51: 121.7 | P51: 120 | Q51: 118.3 | R51: 116.8 | S51: 112.9 | T51: 116.2 | U51: 114.3 | V51: 111.1 | W51: 114.1 | X51: 111.2 | Y51: 111.3 | Z51: 111.5 | AA51: 112.9 | AB51: 109.3 | AC51: 111.7 | AD51: 115.6
A52: Rural+Urban | B52: 2014 | C52: May | D52: 121.1 | E52: 121.6 | F52: 115.9 | G52: 118.4 | H52: 107.7 | I52: 127.7 | J52: 125 | K52: 111.9 | L52: 102.8 | M52: 113.4 | N52: 113.7 | O52: 120.4 | P52: 118.9 | Q52: 116.8 | R52: 118 | S52: 115.2 | T52: 117.6 | U52: 114.3 | V52: 112.5 | W52: 114.1 | X52: 111.8 | Y52: 111.3 | Z52: 111.2 | AA52: 113 | AB52: 109.1 | AC52: 111.8 | AD52: 115.8
A53: Rural | B53: 2014 | C53: June | D53: 120.7 | E53: 121.6 | F53: 116.1 | G53: 119.3 | H53: 110.3 | I53: 125.8 | J53: 129.3 | K53: 112.2 | L53: 103.6 | M53: 112.3 | N53: 114.9 | O53: 120.1 | P53: 119.5 | Q53: 117.3 | R53: 119.7 | S53: 117.3 | T53: 119.3 | U53: NA | V53: 114.4 | W53: 114.9 | X53: 112.8 | Y53: 112.2 | Z53: 111.4 | AA53: 114.3 | AB53: 108 | AC53: 112.3 | AD53: 117
A54: Urban | B54: 2014 | C54: June | D54: 123.1 | E54: 125.9 | F54: 115.4 | G54: 120.4 | H54: 103.4 | I54: 131.2 | J54: 137.5 | K54: 112.8 | L54: 101.4 | M54: 118.3 | N54: 113.2 | O54: 122.4 | P54: 122 | Q54: 119 | R54: 117.4 | S54: 113.2 | T54: 116.7 | U54: 113.9 | V54: 111.2 | W54: 114.3 | X54: 111.4 | Y54: 111.5 | Z54: 111.8 | AA54: 115.1 | AB54: 108.7 | AC54: 112.2 | AD54: 116.4
A55: Rural+Urban | B55: 2014 | C55: June | D55: 121.5 | E55: 123.1 | F55: 115.8 | G55: 119.7 | H55: 107.8 | I55: 128.3 | J55: 132.1 | K55: 112.4 | L55: 102.9 | M55: 114.3 | N55: 114.2 | O55: 121.2 | P55: 120.4 | Q55: 117.8 | R55: 118.8 | S55: 115.6 | T55: 118.3 | U55: 113.9 | V55: 113.2 | W55: 114.6 | X55: 112.3 | Y55: 111.8 | Z55: 111.6 | AA55: 114.8 | AB55: 108.3 | AC55: 112.3 | AD55: 116.7
A56: Rural | B56: 2014 | C56: July | D56: 121.7 | E56: 122.5 | F56: 117.7 | G56: 120.6 | H56: 110.4 | I56: 129.1 | J56: 150.1 | K56: 113.2 | L56: 104.8 | M56: 113.3 | N56: 115.6 | O56: 120.9 | P56: 123.3 | Q56: 118 | R56: 120.7 | S56: 118.3 | T56: 120.3 | U56: NA | V56: 115.3 | W56: 115.4 | X56: 113.4 | Y56: 113.2 | Z56: 111.8 | AA56: 115.5 | AB56: 108.8 | AC56: 113.1 | AD56: 119.5
A57: Urban | B57: 2014 | C57: July | D57: 123.8 | E57: 126.4 | F57: 118 | G57: 121.6 | H57: 103.5 | I57: 133.7 | J57: 172.4 | K57: 113.1 | L57: 102.7 | M57: 120 | N57: 113.8 | O57: 123.4 | P57: 127.1 | Q57: 121 | R57: 118 | S57: 113.6 | T57: 117.4 | U57: 114.8 | V57: 111.6 | W57: 114.9 | X57: 111.5 | Y57: 113 | Z57: 112.4 | AA57: 117.8 | AB57: 109.7 | AC57: 113.5 | AD57: 118.9
A58: Rural+Urban | B58: 2014 | C58: July | D58: 122.4 | E58: 123.9 | F58: 117.8 | G58: 121 | H58: 107.9 | I58: 131.2 | J58: 157.7 | K58: 113.2 | L58: 104.1 | M58: 115.5 | N58: 114.8 | O58: 122.1 | P58: 124.7 | Q58: 118.8 | R58: 119.6 | S58: 116.3 | T58: 119.1 | U58: 114.8 | V58: 113.9 | W58: 115.2 | X58: 112.7 | Y58: 113.1 | Z58: 112.1 | AA58: 116.8 | AB58: 109.2 | AC58: 113.3 | AD58: 119.2
A59: Rural | B59: 2014 | C59: August | D59: 121.8 | E59: 122.8 | F59: 117.8 | G59: 121.9 | H59: 110.6 | I59: 129.7 | J59: 161.1 | K59: 114.1 | L59: 105.1 | M59: 114.6 | N59: 115.8 | O59: 121.7 | P59: 125.3 | Q59: 118.8 | R59: 120.9 | S59: 118.8 | T59: 120.7 | U59: NA | V59: 115.4 | W59: 115.9 | X59: 114 | Y59: 113.2 | Z59: 112.2 | AA59: 116.2 | AB59: 109.4 | AC59: 113.5 | AD59: 120.7
A60: Urban | B60: 2014 | C60: August | D60: 124.8 | E60: 127.3 | F60: 116.5 | G60: 122.2 | H60: 103.6 | I60: 132.7 | J60: 181.9 | K60: 115.2 | L60: 102.7 | M60: 122.1 | N60: 114.4 | O60: 124.7 | P60: 128.9 | Q60: 123 | R60: 118.6 | S60: 114.1 | T60: 117.9 | U60: 115.5 | V60: 111.8 | W60: 115.3 | X60: 112.2 | Y60: 112.5 | Z60: 112.9 | AA60: 119.2 | AB60: 110.5 | AC60: 113.9 | AD60: 119.9
A61: Rural+Urban | B61: 2014 | C61: August | D61: 122.7 | E61: 124.4 | F61: 117.3 | G61: 122 | H61: 108 | I61: 131.1 | J61: 168.2 | K61: 114.5 | L61: 104.3 | M61: 117.1 | N61: 115.2 | O61: 123.1 | P61: 126.6 | Q61: 119.9 | R61: 120 | S61: 116.8 | T61: 119.6 | U61: 115.5 | V61: 114 | W61: 115.6 | X61: 113.3 | Y61: 112.8 | Z61: 112.6 | AA61: 118 | AB61: 109.9 | AC61: 113.7 | AD61: 120.3
A62: Rural | B62: 2014 | C62: September | D62: 122.3 | E62: 122.4 | F62: 117.8 | G62: 122.7 | H62: 110.4 | I62: 129.8 | J62: 158.8 | K62: 115 | L62: 104.7 | M62: 114.9 | N62: 116.5 | O62: 122.6 | P62: 125.3 | Q62: 119.5 | R62: 121.7 | S62: 119.2 | T62: 121.3 | U62: NA | V62: 115.8 | W62: 116.7 | X62: 114.5 | Y62: 112.8 | Z62: 112.6 | AA62: 116.6 | AB62: 109.1 | AC62: 113.7 | AD62: 120.9
A63: Urban | B63: 2014 | C63: September | D63: 124.2 | E63: 125.4 | F63: 116.4 | G63: 122.7 | H63: 103.5 | I63: 124.5 | J63: 168.6 | K63: 116.9 | L63: 101.9 | M63: 122.9 | N63: 114.8 | O63: 125.2 | P63: 126.7 | Q63: 124.3 | R63: 119.2 | S63: 114.5 | T63: 118.4 | U63: 116.1 | V63: 111.8 | W63: 115.5 | X63: 112.3 | Y63: 111.2 | Z63: 113.4 | AA63: 120 | AB63: 110 | AC63: 113.6 | AD63: 119.2
A64: Rural+Urban | B64: 2014 | C64: September | D64: 122.9 | E64: 123.5 | F64: 117.3 | G64: 122.7 | H64: 107.9 | I64: 127.3 | J64: 162.1 | K64: 115.6 | L64: 103.8 | M64: 117.6 | N64: 115.8 | O64: 123.8 | P64: 125.8 | Q64: 120.8 | R64: 120.7 | S64: 117.2 | T64: 120.1 | U64: 116.1 | V64: 114.3 | W64: 116.1 | X64: 113.7 | Y64: 112 | Z64: 113.1 | AA64: 118.6 | AB64: 109.5 | AC64: 113.7 | AD64: 120.1
A65: Rural | B65: 2014 | C65: October | D65: 122.6 | E65: 122.5 | F65: 118.3 | G65: 123.2 | H65: 110.5 | I65: 128.9 | J65: 155.3 | K65: 115.5 | L65: 104 | M65: 115.3 | N65: 116.8 | O65: 123.2 | P65: 125.1 | Q65: 120 | R65: 122.7 | S65: 120.3 | T65: 122.3 | U65: NA | V65: 116.4 | W65: 117.5 | X65: 115.3 | Y65: 112.6 | Z65: 113 | AA65: 116.9 | AB65: 109.3 | AC65: 114 | AD65: 121
A66: Urban | B66: 2014 | C66: October | D66: 124.6 | E66: 126.1 | F66: 117.8 | G66: 123.1 | H66: 103.5 | I66: 123.5 | J66: 159.6 | K66: 117.4 | L66: 101.2 | M66: 123.8 | N66: 115.2 | O66: 125.9 | P66: 125.8 | Q66: 124.3 | R66: 119.6 | S66: 114.9 | T66: 118.9 | U66: 116.7 | V66: 112 | W66: 115.8 | X66: 112.6 | Y66: 111 | Z66: 113.6 | AA66: 120.2 | AB66: 110.1 | AC66: 113.7 | AD66: 119.1
A67: Rural+Urban | B67: 2014 | C67: October | D67: 123.2 | E67: 123.8 | F67: 118.1 | G67: 123.2 | H67: 107.9 | I67: 126.4 | J67: 156.8 | K67: 116.1 | L67: 103.1 | M67: 118.1 | N67: 116.1 | O67: 124.5 | P67: 125.4 | Q67: 121.1 | R67: 121.5 | S67: 118.1 | T67: 121 | U67: 116.7 | V67: 114.7 | W67: 116.7 | X67: 114.3 | Y67: 111.8 | Z67: 113.3 | AA67: 118.8 | AB67: 109.6 | AC67: 113.9 | AD67: 120.1
A68: Rural | B68: 2014 | C68: November | D68: 122.7 | E68: 122.6 | F68: 119.9 | G68: 124 | H68: 110.5 | I68: 128.8 | J68: 152 | K68: 116.2 | L68: 103.3 | M68: 115.8 | N68: 116.8 | O68: 124.5 | P68: 124.9 | Q68: 120.8 | R68: 123.3 | S68: 120.5 | T68: 122.9 | U68: NA | V68: 117.3 | W68: 118.1 | X68: 115.9 | Y68: 112 | Z68: 113.3 | AA68: 117.2 | AB68: 108.8 | AC68: 114.1 | AD68: 121.1
A69: Urban | B69: 2014 | C69: November | D69: 124.5 | E69: 125.6 | F69: 122.7 | G69: 124.6 | H69: 103.2 | I69: 122.2 | J69: 153.2 | K69: 119.3 | L69: 99.8 | M69: 124.6 | N69: 115.8 | O69: 126.9 | P69: 125.4 | Q69: 125.8 | R69: 120.3 | S69: 115.4 | T69: 119.5 | U69: 117.1 | V69: 112.6 | W69: 116.4 | X69: 113 | Y69: 109.7 | Z69: 114 | AA69: 120.3 | AB69: 109.6 | AC69: 113.4 | AD69: 119
A70: Rural+Urban | B70: 2014 | C70: November | D70: 123.3 | E70: 123.7 | F70: 121 | G70: 124.2 | H70: 107.8 | I70: 125.7 | J70: 152.4 | K70: 117.2 | L70: 102.1 | M70: 118.7 | N70: 116.4 | O70: 125.6 | P70: 125.1 | Q70: 122.1 | R70: 122.1 | S70: 118.4 | T70: 121.6 | U70: 117.1 | V70: 115.5 | W70: 117.3 | X70: 114.8 | Y70: 110.8 | Z70: 113.7 | AA70: 119 | AB70: 109.1 | AC70: 113.8 | AD70: 120.1
A71: Rural | B71: 2014 | C71: December | D71: 122.4 | E71: 122.4 | F71: 121.8 | G71: 124.2 | H71: 110.2 | I71: 128.6 | J71: 140.3 | K71: 116.3 | L71: 102 | M71: 116 | N71: 117.3 | O71: 124.8 | P71: 123.3 | Q71: 121.7 | R71: 123.8 | S71: 120.6 | T71: 123.3 | U71: NA | V71: 117.4 | W71: 118.2 | X71: 116.2 | Y71: 111.5 | Z71: 113.3 | AA71: 117.7 | AB71: 109.4 | AC71: 114.2 | AD71: 120.3
A72: Urban | B72: 2014 | C72: December | D72: 124 | E72: 124.7 | F72: 126.3 | G72: 124.9 | H72: 103 | I72: 122.3 | J72: 141 | K72: 120.1 | L72: 97.8 | M72: 125.4 | N72: 116.1 | O72: 127.6 | P72: 124 | Q72: 126.4 | R72: 120.7 | S72: 115.8 | T72: 120 | U72: 116.5 | V72: 113 | W72: 116.8 | X72: 113.2 | Y72: 108.8 | Z72: 114.3 | AA72: 120.7 | AB72: 110.4 | AC72: 113.4 | AD72: 118.4
A73: Rural+Urban | B73: 2014 | C73: December | D73: 122.9 | E73: 123.2 | F73: 123.5 | G73: 124.5 | H73: 107.6 | I73: 125.7 | J73: 140.5 | K73: 117.6 | L73: 100.6 | M73: 119.1 | N73: 116.8 | O73: 126.1 | P73: 123.6 | Q73: 123 | R73: 122.6 | S73: 118.6 | T73: 122 | U73: 116.5 | V73: 115.7 | W73: 117.5 | X73: 115.1 | Y73: 110.1 | Z73: 113.9 | AA73: 119.5 | AB73: 109.8 | AC73: 113.8 | AD73: 119.4
A74: Rural | B74: 2015 | C74: January | D74: 123.1 | E74: 123.1 | F74: 122.1 | G74: 124.9 | H74: 111 | I74: 130.4 | J74: 132.3 | K74: 117.2 | L74: 100.5 | M74: 117.2 | N74: 117.9 | O74: 125.6 | P74: 122.8 | Q74: 122.7 | R74: 124.4 | S74: 121.6 | T74: 124 | U74: NA | V74: 118.4 | W74: 118.9 | X74: 116.6 | Y74: 111 | Z74: 114 | AA74: 118.2 | AB74: 110.2 | AC74: 114.5 | AD74: 120.3
A75: Urban | B75: 2015 | C75: January | D75: 124 | E75: 125.5 | F75: 126.6 | G75: 125.2 | H75: 104.3 | I75: 121.3 | J75: 134.4 | K75: 122.9 | L75: 96.1 | M75: 126.6 | N75: 116.5 | O75: 128 | P75: 123.5 | Q75: 127.4 | R75: 121 | S75: 116.1 | T75: 120.2 | U75: 117.3 | V75: 113.4 | W75: 117.2 | X75: 113.7 | Y75: 107.9 | Z75: 114.6 | AA75: 120.8 | AB75: 111.4 | AC75: 113.4 | AD75: 118.5
A76: Rural+Urban | B76: 2015 | C76: January | D76: 123.4 | E76: 123.9 | F76: 123.8 | G76: 125 | H76: 108.5 | I76: 126.2 | J76: 133 | K76: 119.1 | L76: 99 | M76: 120.3 | N76: 117.3 | O76: 126.7 | P76: 123.1 | Q76: 124 | R76: 123.1 | S76: 119.3 | T76: 122.5 | U76: 117.3 | V76: 116.5 | W76: 118.1 | X76: 115.5 | Y76: 109.4 | Z76: 114.3 | AA76: 119.7 | AB76: 110.7 | AC76: 114 | AD76: 119.5
A77: Rural | B77: 2015 | C77: February | D77: 123.4 | E77: 124.4 | F77: 122.1 | G77: 125.8 | H77: 111.5 | I77: 129.4 | J77: 128.2 | K77: 118.8 | L77: 100 | M77: 118.6 | N77: 118.8 | O77: 126.8 | P77: 122.8 | Q77: 124.2 | R77: 125.4 | S77: 122.7 | T77: 125 | U77: NA | V77: 120 | W77: 119.6 | X77: 117.7 | Y77: 110.9 | Z77: 114.8 | AA77: 118.7 | AB77: 110.8 | AC77: 115 | AD77: 120.6
A78: Urban | B78: 2015 | C78: February | D78: 124.3 | E78: 126.5 | F78: 119.5 | G78: 125.6 | H78: 104.9 | I78: 121.6 | J78: 131.8 | K78: 125.1 | L78: 95 | M78: 127.7 | N78: 116.8 | O78: 128.6 | P78: 123.7 | Q78: 128.1 | R78: 121.3 | S78: 116.5 | T78: 120.6 | U78: 118.1 | V78: 114 | W78: 117.7 | X78: 114.1 | Y78: 106.8 | Z78: 114.9 | AA78: 120.4 | AB78: 111.7 | AC78: 113.2 | AD78: 118.7
A79: Rural+Urban | B79: 2015 | C79: February | D79: 123.7 | E79: 125.1 | F79: 121.1 | G79: 125.7 | H79: 109.1 | I79: 125.8 | J79: 129.4 | K79: 120.9 | L79: 98.3 | M79: 121.6 | N79: 118 | O79: 127.6 | P79: 123.1 | Q79: 125.2 | R79: 123.8 | S79: 120.1 | T79: 123.3 | U79: 118.1 | V79: 117.7 | W79: 118.7 | X79: 116.3 | Y79: 108.7 | Z79: 114.9 | AA79: 119.7 | AB79: 111.2 | AC79: 114.1 | AD79: 119.7
A80: Rural | B80: 2015 | C80: March | D80: 123.3 | E80: 124.7 | F80: 118.9 | G80: 126 | H80: 111.8 | I80: 130.9 | J80: 128 | K80: 119.9 | L80: 98.9 | M80: 119.4 | N80: 118.9 | O80: 127.7 | P80: 123.1 | Q80: 124.7 | R80: 126 | S80: 122.9 | T80: 125.5 | U80: NA | V80: 120.6 | W80: 120.2 | X80: 118.2 | Y80: 111.6 | Z80: 115.5 | AA80: 119.4 | AB80: 110.8 | AC80: 115.5 | AD80: 121.1
A81: Urban | B81: 2015 | C81: March | D81: 124 | E81: 126.7 | F81: 113.5 | G81: 125.9 | H81: 104.8 | I81: 123.8 | J81: 131.4 | K81: 127.2 | L81: 93.2 | M81: 127.4 | N81: 117 | O81: 129.2 | P81: 123.9 | Q81: 128.8 | R81: 121.7 | S81: 116.9 | T81: 120.9 | U81: 118.6 | V81: 114.4 | W81: 118 | X81: 114.3 | Y81: 108.4 | Z81: 115.4 | AA81: 120.6 | AB81: 111.3 | AC81: 113.8 | AD81: 119.1
A82: Rural+Urban | B82: 2015 | C82: March | D82: 123.5 | E82: 125.4 | F82: 116.8 | G82: 126 | H82: 109.2 | I82: 127.6 | J82: 129.2 | K82: 122.4 | L82: 97 | M82: 122.1 | N82: 118.1 | O82: 128.4 | P82: 123.4 | Q82: 125.8 | R82: 124.3 | S82: 120.4 | T82: 123.7 | U82: 118.6 | V82: 118.3 | W82: 119.2 | X82: 116.7 | Y82: 109.9 | Z82: 115.4 | AA82: 120.1 | AB82: 111 | AC82: 114.7 | AD82: 120.2
A83: Rural | B83: 2015 | C83: April | D83: 123.3 | E83: 125.5 | F83: 117.2 | G83: 126.8 | H83: 111.9 | I83: 134.2 | J83: 127.5 | K83: 121.5 | L83: 97.8 | M83: 119.8 | N83: 119.4 | O83: 128.7 | P83: 123.6 | Q83: 125.7 | R83: 126.4 | S83: 123.3 | T83: 126 | U83: NA | V83: 121.2 | W83: 120.9 | X83: 118.6 | Y83: 111.9 | Z83: 116.2 | AA83: 119.9 | AB83: 111.6 | AC83: 116 | AD83: 121.5
A84: Urban | B84: 2015 | C84: April | D84: 123.8 | E84: 128.2 | F84: 110 | G84: 126.3 | H84: 104.5 | I84: 130.6 | J84: 130.8 | K84: 131.3 | L84: 91.6 | M84: 127.7 | N84: 117.2 | O84: 129.5 | P84: 124.6 | Q84: 130.1 | R84: 122.1 | S84: 117.2 | T84: 121.3 | U84: 119.2 | V84: 114.7 | W84: 118.4 | X84: 114.6 | Y84: 108.4 | Z84: 115.6 | AA84: 121.7 | AB84: 111.8 | AC84: 114.2 | AD84: 119.7
A85: Rural+Urban | B85: 2015 | C85: April | D85: 123.5 | E85: 126.4 | F85: 114.4 | G85: 126.6 | H85: 109.2 | I85: 132.5 | J85: 128.6 | K85: 124.8 | L85: 95.7 | M85: 122.4 | N85: 118.5 | O85: 129.1 | P85: 124 | Q85: 126.9 | R85: 124.7 | S85: 120.8 | T85: 124.1 | U85: 119.2 | V85: 118.7 | W85: 119.7 | X85: 117.1 | Y85: 110.1 | Z85: 115.9 | AA85: 121 | AB85: 111.7 | AC85: 115.1 | AD85: 120.7
A86: Rural | B86: 2015 | C86: May | D86: 123.5 | E86: 127.1 | F86: 117.3 | G86: 127.7 | H86: 112.5 | I86: 134.1 | J86: 128.5 | K86: 124.3 | L86: 97.6 | M86: 120.7 | N86: 120.2 | O86: 129.8 | P86: 124.4 | Q86: 126.7 | R86: 127.3 | S86: 124.1 | T86: 126.8 | U86: NA | V86: 121.9 | W86: 121.5 | X86: 119.4 | Y86: 113.3 | Z86: 116.7 | AA86: 120.5 | AB86: 112.3 | AC86: 116.9 | AD86: 122.4
A87: Urban | B87: 2015 | C87: May | D87: 123.8 | E87: 129.7 | F87: 111.3 | G87: 126.6 | H87: 105.2 | I87: 130.8 | J87: 135.6 | K87: 142.6 | L87: 90.8 | M87: 128.8 | N87: 117.7 | O87: 129.9 | P87: 126.1 | Q87: 131.3 | R87: 122.4 | S87: 117.4 | T87: 121.6 | U87: 119.6 | V87: 114.9 | W87: 118.7 | X87: 114.9 | Y87: 110.8 | Z87: 116 | AA87: 122 | AB87: 112.4 | AC87: 115.2 | AD87: 120.7
A88: Rural+Urban | B88: 2015 | C88: May | D88: 123.6 | E88: 128 | F88: 115 | G88: 127.3 | H88: 109.8 | I88: 132.6 | J88: 130.9 | K88: 130.5 | L88: 95.3 | M88: 123.4 | N88: 119.2 | O88: 129.8 | P88: 125 | Q88: 127.9 | R88: 125.4 | S88: 121.3 | T88: 124.7 | U88: 119.6 | V88: 119.2 | W88: 120.2 | X88: 117.7 | Y88: 112 | Z88: 116.3 | AA88: 121.4 | AB88: 112.3 | AC88: 116.1 | AD88: 121.6
A89: Rural | B89: 2015 | C89: June | D89: 124.1 | E89: 130.4 | F89: 122.1 | G89: 128.7 | H89: 114.1 | I89: 133.2 | J89: 135.2 | K89: 131.9 | L89: 96.3 | M89: 123 | N89: 121.1 | O89: 131.2 | P89: 126.6 | Q89: 128.2 | R89: 128.4 | S89: 125.1 | T89: 128 | U89: NA | V89: 122.6 | W89: 122.8 | X89: 120.4 | Y89: 114.2 | Z89: 117.9 | AA89: 122 | AB89: 113 | AC89: 117.9 | AD89: 124.1
A90: Urban | B90: 2015 | C90: June | D90: 123.6 | E90: 134.4 | F90: 120.9 | G90: 127.3 | H90: 106 | I90: 132.3 | J90: 146.7 | K90: 148.1 | L90: 89.8 | M90: 130.5 | N90: 118 | O90: 130.5 | P90: 128.5 | Q90: 132.1 | R90: 123.2 | S90: 117.6 | T90: 122.3 | U90: 119 | V90: 115.1 | W90: 119.2 | X90: 115.4 | Y90: 111.7 | Z90: 116.2 | AA90: 123.8 | AB90: 112.5 | AC90: 116 | AD90: 121.7
A91: Rural+Urban | B91: 2015 | C91: June | D91: 123.9 | E91: 131.8 | F91: 121.6 | G91: 128.2 | H91: 111.1 | I91: 132.8 | J91: 139.1 | K91: 137.4 | L91: 94.1 | M91: 125.5 | N91: 119.8 | O91: 130.9 | P91: 127.3 | Q91: 129.2 | R91: 126.4 | S91: 122 | T91: 125.7 | U91: 119 | V91: 119.8 | W91: 121.1 | X91: 118.5 | Y91: 112.9 | Z91: 116.9 | AA91: 123.1 | AB91: 112.8 | AC91: 117 | AD91: 123
A92: Rural | B92: 2015 | C92: July | D92: 124 | E92: 131.5 | F92: 122 | G92: 128.7 | H92: 113.5 | I92: 133.3 | J92: 140.8 | K92: 133.8 | L92: 94.1 | M92: 123.4 | N92: 121 | O92: 131.7 | P92: 127.5 | Q92: 129.4 | R92: 128.8 | S92: 125.5 | T92: 128.3 | U92: NA | V92: 123 | W92: 123 | X92: 120.8 | Y92: 114.1 | Z92: 118 | AA92: 122.9 | AB92: 112.7 | AC92: 118.1 | AD92: 124.7
A93: Urban | B93: 2015 | C93: July | D93: 123.2 | E93: 134.3 | F93: 119.5 | G93: 127.7 | H93: 106.3 | I93: 132.8 | J93: 153.5 | K93: 149.5 | L93: 85.7 | M93: 131.5 | N93: 118.3 | O93: 131.1 | P93: 129.5 | Q93: 133.1 | R93: 123.5 | S93: 117.9 | T93: 122.7 | U93: 119.9 | V93: 115.3 | W93: 119.5 | X93: 116 | Y93: 111.5 | Z93: 116.6 | AA93: 125.4 | AB93: 111.7 | AC93: 116.3 | AD93: 122.4
A94: Rural+Urban | B94: 2015 | C94: July | D94: 123.7 | E94: 132.5 | F94: 121 | G94: 128.3 | H94: 110.9 | I94: 133.1 | J94: 145.1 | K94: 139.1 | L94: 91.3 | M94: 126.1 | N94: 119.9 | O94: 131.4 | P94: 128.2 | Q94: 130.4 | R94: 126.7 | S94: 122.3 | T94: 126.1 | U94: 119.9 | V94: 120.1 | W94: 121.3 | X94: 119 | Y94: 112.7 | Z94: 117.2 | AA94: 124.4 | AB94: 112.3 | AC94: 117.2 | AD94: 123.6
A95: Rural | B95: 2015 | C95: August | D95: 124.7 | E95: 131.3 | F95: 121.3 | G95: 128.8 | H95: 114 | I95: 134.2 | J95: 153.6 | K95: 137.9 | L95: 93.1 | M95: 123.9 | N95: 121.5 | O95: 132.5 | P95: 129.8 | Q95: 130.1 | R95: 129.5 | S95: 126.3 | T95: 129 | U95: NA | V95: 123.8 | W95: 123.7 | X95: 121.1 | Y95: 113.6 | Z95: 118.5 | AA95: 123.6 | AB95: 112.5 | AC95: 118.2 | AD95: 126.1
A96: Urban | B96: 2015 | C96: August | D96: 123.1 | E96: 131.7 | F96: 118.1 | G96: 128 | H96: 106.8 | I96: 130.1 | J96: 165.5 | K96: 156 | L96: 85.3 | M96: 132.7 | N96: 118.8 | O96: 131.7 | P96: 131.1 | Q96: 134.2 | R96: 123.7 | S96: 118.2 | T96: 122.9 | U96: 120.9 | V96: 115.3 | W96: 120 | X96: 116.6 | Y96: 109.9 | Z96: 117.2 | AA96: 126.2 | AB96: 112 | AC96: 116.2 | AD96: 123.2
A97: Rural+Urban | B97: 2015 | C97: August | D97: 124.2 | E97: 131.4 | F97: 120.1 | G97: 128.5 | H97: 111.4 | I97: 132.3 | J97: 157.6 | K97: 144 | L97: 90.5 | M97: 126.8 | N97: 120.4 | O97: 132.1 | P97: 130.3 | Q97: 131.2 | R97: 127.2 | S97: 122.9 | T97: 126.6 | U97: 120.9 | V97: 120.6 | W97: 122 | X97: 119.4 | Y97: 111.7 | Z97: 117.8 | AA97: 125.1 | AB97: 112.3 | AC97: 117.2 | AD97: 124.8
A98: Rural | B98: 2015 | C98: September | D98: 125.1 | E98: 131.1 | F98: 120.7 | G98: 129.2 | H98: 114.7 | I98: 132.3 | J98: 158.9 | K98: 142.1 | L98: 92.5 | M98: 125.4 | N98: 121.9 | O98: 132.7 | P98: 131 | Q98: 131 | R98: 130.4 | S98: 126.8 | T98: 129.9 | U98: NA | V98: 123.7 | W98: 124.5 | X98: 121.4 | Y98: 113.8 | Z98: 119.6 | AA98: 124.5 | AB98: 113.7 | AC98: 118.8 | AD98: 127
A99: Urban | B99: 2015 | C99: September | D99: 123.4 | E99: 129 | F99: 115.6 | G99: 128.3 | H99: 107 | I99: 124 | J99: 168.5 | K99: 165.4 | L99: 86.3 | M99: 134.4 | N99: 119.1 | O99: 132.3 | P99: 131.5 | Q99: 134.7 | R99: 124 | S99: 118.6 | T99: 123.2 | U99: 121.6 | V99: 115.1 | W99: 120.4 | X99: 117.1 | Y99: 109.1 | Z99: 117.3 | AA99: 126.5 | AB99: 112.9 | AC99: 116.2 | AD99: 123.5
A100: Rural+Urban | B100: 2015 | C100: September | D100: 124.6 | E100: 130.4 | F100: 118.7 | G100: 128.9 | H100: 111.9 | I100: 128.4 | J100: 162.2 | K100: 150 | L100: 90.4 | M100: 128.4 | N100: 120.7 | O100: 132.5 | P100: 131.2 | Q100: 132 | R100: 127.9 | S100: 123.4 | T100: 127.2 | U100: 121.6 | V100: 120.4 | W100: 122.6 | X100: 119.8 | Y100: 111.3 | Z100: 118.3 | AA100: 125.7 | AB100: 113.4 | AC100: 117.5 | AD100: 125.4
...

Sheet Data Dictionary
C1: Data Dictionary | F1: Broad categories
C2: Column Name | D2: Description | F2: FOOD & BEVERAGES
C3: Sector | D3: Sector where the consumer lives | F3: Cereals and products
C4: Year | D4: Year in which the products are consumed | F4: Meat and fish
C5: Month | D5: Month in which the products are consumed | F5: Egg
C6: Cereals and products | D6: Index value paid by the consumers for cereals and products | F6: Milk and products
C7: Meat and fish | D7: Index value paid by the consumers for meat and fish | F7: Oils and fats
C8: Egg | D8: Index value paid by the consumers on egg | F8: Fruits
C9: Milk and products | D9: Index value paid by the consumers for milk and products | F9: Vegetables
C10: Oils and fats | D10: Index value paid by the consumers for oil and fats | F10: Pulses and products
C11: Fruits | D11: Index value paid by the consumers for fruits | F11: Sugar and Confectionery
C12: Vegetables | D12: Index value paid by the consumers for vegetable | F12: Spices
C13: Pulses and products | D13: Index value paid by the consumers for pulses and products | F13: Non-alcoholic beverages
... C15: Spices | D15: Index value paid by the consumers for non alcoholic beverages | F15: Food and beverages
C16: Non-alcoholic beverages | D16: Index value paid by the consumers for meat and fish
C17: Prepared meals, snacks, sweets etc. | D17: Index value paid by the consumers on prepared meals,snacks,sweets,etc | F17: INTOXICANTS & TOBACCO
C18: Food and beverages | D18: Index value paid by the consumers for food and biverages | F18: Pan, tobacco and intoxicants
C19: Pan, tobacco and intoxicants | D19: Index value paid by the consumers Pan, tobacco and intoxicants products
C20: Clothing | D20: Index value spent by the consumers on clothing | F20: CLOTHING AND FOOTWEAR
C21: Footwear | D21: Index value spent by the consumers on footwear | F21: Clothing
C22: Clothing and footwear | D22: Index value spent by the consumers on clothing and footwear | F22: Footwear
C23: Housing | D23: Index value spent by the consumers on housing | F23: Clothing and footwear
C24: Fuel and light | D24: Index value spent by the consumers on fuel and light
C25: Household goods and services | D25: Index value spent by the consumers on household goods and services | F25: HOUSING
C26: Health | D26: Index value spent by the consumers on their health | F26: Housing
C27: Transport and communication | D27: Index value spent by the consumers on their transport and communication | F27: Fuel and light
C28: Recreation and amusement | D28: Index value spent by the consumers for their recreation and amusement | F28: Household goods and services
C29: Education | D29: Index value spent by the consumers on their education
C30: Personal care and effects | D30: Index value spent by the consumers on their personal care and effects | F30: MISCELLANEOUS
C31: Miscellaneous | D31: Index value spent on miscellaneous things | F31: Health
C32: General Index | D32: Overall index value for all the categories combined of the month | F32: Education
F33: Transport and communication
F34: Recreation and amusement
F35: Personal care and effects
F36: Miscellaneous

Sheet Main Data
A1: Sector | B1: Year | C1: Month | D1: YearMonth | E1: Cereals and products | F1: Meat and fish | G1: Egg | H1: Milk and products | I1: Oils and fats | J1: Fruits | K1: Vegetables | L1: Pulses and products | M1: Sugar and Confectionery | N1: Spices | O1: Non-alcoholic beverages | P1: Prepared meals, snacks, sweets etc. | Q1: Food and beverages | R1: Pan, tobacco and intoxicants | S1: Clothing | T1: Footwear | U1: Clothing and footwear | V1: Housing | W1: Fuel and light | X1: Household goods and services | Y1: Health | Z1: Transport and communication | AA1: Recreation and amusement | AB1: Education | AC1: Personal care and effects | AD1: Miscellaneous | AE1: General index
A2: Urban | B2: 2022 | C2: July | D2: July 2022 | E2: 159.3 | F2: 217.1 | G2: 176.6 | H2: 167.1 | I2: 184.8 | J2: 179.5 | K2: 208.5 | L2: 164 | M2: 121.5 | N2: 186.3 | O2: 159.8 | P2: 187.7 | Q2: 179.4 | R2: 198.6 | S2: 172.7 | T2: 158.7 | U2: 170.6 | V2: 167.8 | W2: 179.5 | X2: 163.1 | Y2: 171.7 | Z2: 157.4 | AA2: 164.6 | AB2: 169.1 | AC2: 169.8 | AD2: 164.7 | AE2: 172.3
A3: Urban | B3: 2023 | C3: April | D3: April 2023 | E3: 174.8 | F3: 213.7 | G3: 172.4 | H3: 178.8 | I3: 168.7 | J3: 179.2 | K3: 179.9 | L3: 174.7 | M3: 123.1 | N3: 207.8 | O3: 165.5 | P3: 197 | Q3: 182.1 | R3: 203.5 | S3: 181 | T3: 167.7 | U3: 178.9 | V3: 175.2 | W3: 182.1 | X3: 169.6 | Y3: 181.5 | Z3: 160.1 | AA3: 168.8 | AB3: 174.2 | AC3: 184.4 | AD3: 170.9 | AE3: 177.4
A4: Urban | B4: 2022 | C4: August | D4: August 2022 | E4: 162.1 | F4: 210.9 | G4: 170.6 | H4: 168.4 | I4: 182.5 | J4: 177.1 | K4: 213.1 | L4: 167.3 | M4: 122.2 | N4: 189.7 | O4: 160.5 | P4: 188.9 | Q4: 180.4 | R4: 198.7 | S4: 173.7 | T4: 160 | U4: 171.6 | V4: 169 | W4: 178.4 | X4: 164.2 | Y4: 172.6 | Z4: 157.7 | AA4: 165.1 | AB4: 169.9 | AC4: 171.4 | AD4: 165.4 | AE4: 173.1
A5: Rural+Urban | B5: 2023 | C5: April | D5: April 2023 | E5: 173.8 | F5: 209.3 | G5: 169.6 | H5: 178.4 | I5: 174.9 | J5: 176.3 | K5: 155.4 | L5: 173.4 | M5: 121.3 | N5: 212.9 | O5: 172.9 | P5: 193.5 | Q5: 177.9 | R5: 200.6 | S5: 186.9 | T5: 179.2 | U5: 185.7 | V5: 175.2 | W5: 181.7 | X5: 174.6 | Y5: 185 | Z5: 164.5 | AA5: 170.7 | AB5: 176.4 | AC5: 184 | AD5: 175 | AE5: 178.1
A6: Urban | B6: 2022 | C6: April | D6: April 2022 | E6: 155.4 | F6: 215.8 | G6: 164.6 | H6: 164.2 | I6: 186 | J6: 175.9 | K6: 190.7 | L6: 164 | M6: 120.5 | N6: 178 | O6: 157.5 | P6: 183.3 | Q6: 174.5 | R6: 197.1 | S6: 168.4 | T6: 154.5 | U6: 166.3 | V6: 167 | W6: 170.5 | X6: 159.8 | Y6: 169 | Z6: 159.3 | AA6: 162.2 | AB6: 164 | AC6: 168.4 | AD6: 163.1 | AE6: 169.2
A7: Urban | B7: 2023 | C7: May | D7: May 2023 | E7: 174.7 | F7: 219.4 | G7: 176.7 | H7: 179.4 | I7: 164.4 | J7: 175.8 | K7: 185 | L7: 176.9 | M7: 124.2 | N7: 211.9 | O7: 165.9 | P7: 197.7 | Q7: 183.1 | R7: 204.2 | S7: 181.3 | T7: 168.1 | U7: 179.3 | V7: 175.6 | W7: 183.4 | X7: 170.1 | Y7: 182.2 | Z7: 160.4 | AA7: 169.2 | AB7: 174.8 | AC7: 185.6 | AD7: 171.6 | AE7: 178.2
A8: Urban | B8: 2022 | C8: May | D8: May 2022 | E8: 156.7 | F8: 221.2 | G8: 164.1 | H8: 165.4 | I8: 189.5 | J8: 174.5 | K8: 203.2 | L8: 164.1 | M8: 121.2 | N8: 181.4 | O8: 158.5 | P8: 184.9 | Q8: 177.5 | R8: 197.5 | S8: 170 | T8: 155.9 | U8: 167.8 | V8: 167.5 | W8: 173.5 | X8: 161.1 | Y8: 170.1 | Z8: 159.4 | AA8: 163.2 | AB8: 165.2 | AC8: 168.2 | AD8: 163.8 | AE8: 170.8
A9: Rural+Urban | B9: 2022 | C9: July | D9: July 2022 | E9: 156.5 | F9: 213 | G9: 175.2 | H9: 166.6 | I9: 195.8 | J9: 174.2 | K9: 182.1 | L9: 164.3 | M9: 120 | N9: 190 | O9: 168.4 | P9: 185.2 | Q9: 175 | R9: 194.6 | S9: 178.3 | T9: 171.3 | U9: 177.3 | V9: 167.8 | W9: 179.6 | X9: 167.4 | Y9: 176.1 | Z9: 161.6 | AA9: 166.3 | AB9: 171.4 | AC9: 169.7 | AD9: 168.4 | AE9: 173.4
A10: Urban | B10: 2022 | C10: June | D10: June 2022 | E10: 157.5 | F10: 223.4 | G10: 172.8 | H10: 166.4 | I10: 188.6 | J10: 174.1 | K10: 211.5 | L10: 163.6 | M10: 121.4 | N10: 183.5 | O10: 159.1 | P10: 186.3 | Q10: 179.3 | R10: 198.3 | S10: 171.6 | T10: 157.4 | U10: 169.4 | V10: 166.8 | W10: 174.9 | X10: 162.1 | Y10: 170.9 | Z10: 157.2 | AA10: 164.1 | AB10: 166.5 | AC10: 169.2 | AD10: 163.8 | AE10: 171.4
A11: Rural | B11: 2023 | C11: April | D11: April 2023 | E11: 173.3 | F11: 206.9 | G11: 167.9 | H11: 178.2 | I11: 178.5 | J11: 173.7 | K11: 142.8 | L11: 172.8 | M11: 120.4 | N11: 215.5 | O11: 178.2 | P11: 190.5 | Q11: 175.5 | R11: 199.5 | S11: 190.7 | T11: 187.3 | U11: 190.2 | V11: 175.2 | W11: 181.5 | X11: 179.1 | Y11: 187.2 | Z11: 169.4 | AA11: 173.2 | AB11: 179.4 | AC11: 183.8 | AD11: 178.9 | AE11: 178.8
A12: Rural+Urban | B12: 2022 | C12: August | D12: August 2022 | E12: 160.3 | F12: 206.5 | G12: 169.2 | H12: 168.1 | I12: 192.4 | J12: 172.9 | K12: 186.7 | L12: 167.2 | M12: 120.9 | N12: 193.6 | O12: 168.8 | P12: 186.3 | Q12: 176.3 | R12: 195 | S12: 179.5 | T12: 172.7 | U12: 178.5 | V12: 169 | W12: 178.8 | X12: 168.5 | Y12: 176.8 | Z12: 161.9 | AA12: 166.9 | AB12: 172.3 | AC12: 171.2 | AD12: 169.1 | AE12: 174.3
A13: Rural+Urban | B13: 2022 | C13: April | D13: April 2022 | E13: 152.9 | F13: 211.8 | G13: 164.5 | H13: 163.9 | I13: 199.5 | J13: 172.6 | K13: 166.2 | L13: 164.7 | M13: 119 | N13: 181.3 | O13: 166.2 | P13: 180.9 | Q13: 170.8 | R13: 193.9 | S13: 173.9 | T13: 166.5 | U13: 172.8 | V13: 167 | W13: 172.2 | X13: 164 | Y13: 174 | Z13: 162.6 | AA13: 164.4 | AB13: 166.9 | AC13: 168.8 | AD13: 166.8 | AE13: 170.1
... A20: Urban | B20: 2021 | C20: July | D20: July 2021 | E20: 149.1 | F20: 210.9 | G20: 185 | H20: 158.2 | I20: 170.6 | J20: 170.9 | K20: 186.4 | L20: 164.7 | M20: 115.7 | N20: 165.5 | O20: 153.4 | P20: 173.5 | Q20: 167.9 | R20: 195.5 | S20: 157.9 | T20: 141.9 | U20: 155.5 | V20: 161.5 | W20: 157.7 | X20: 150.7 | Y20: 161.5 | Z20: 149.5 | AA20: 151.2 | AB20: 160.3 | AC20: 159.6 | AD20: 155 | AE20: 161.8
A21: Rural | B21: 2022 | C21: April | D21: April 2022 | E21: 151.8 | F21: 209.7 | G21: 164.5 | H21: 163.8 | I21: 207.4 | J21: 169.7 | K21: 153.6 | L21: 165.1 | M21: 118.2 | N21: 182.9 | O21: 172.4 | P21: 178.9 | Q21: 168.6 | R21: 192.8 | S21: 177.5 | T21: 175.1 | U21: 177.1 | V21: =VLOOKUP($D21,Notes!$B$2:$C$229,2,0) -> 167 | W21: 173.3 | X21: 167.7 | Y21: 177 | Z21: 166.2 | AA21: 167.2 | AB21: 170.9 | AC21: 169 | AD21: 170.2 | AE21: 170.8
A22: Rural+Urban | B22: 2022 | C22: June | D22: June 2022 | E22: 155 | F22: 219.4 | G22: 170.8 | H22: 165.8 | I22: 200.9 | J22: 169.7 | K22: 182.3 | L22: 164.3 | M22: 119.9 | N22: 187.1 | O22: 167.9 | P22: 183.9 | Q22: 174.9 | R22: 194.3 | S22: 177.1 | T22: 169.9 | U22: 176 | V22: 166.8 | W22: 176 | X22: 166.4 | Y22: 175.4 | Z22: 161.1 | AA22: 165.8 | AB22: 169 | AC22: 169.4 | AD22: 167.5 | AE22: 172.6
A23: Rural | B23: 2022 | C23: July | D23: July 2022 | E23: 155.2 | F23: 210.8 | G23: 174.3 | H23: 166.3 | I23: 202.2 | J23: 169.6 | K23: 168.6 | L23: 164.4 | M23: 119.2 | N23: 191.8 | O23: 174.5 | P23: 183.1 | Q23: 172.5 | R23: 193.2 | S23: 182 | T23: 180.3 | U23: 181.7 | V23: =VLOOKUP($D23,Notes!$B$2:$C$229,2,0) -> 167.8 | W23: 179.6 | X23: 171.3 | Y23: 178.8 | Z23: 166.3 | AA23: 168.6 | AB23: 174.7 | AC23: 169.7 | AD23: 171.8 | AE23: 174.3
A24: Rural+Urban | B24: 2023 | C24: February | D24: February 2023 | E24: 174.4 | F24: 207.7 | G24: 175.2 | H24: 177.3 | I24: 179.3 | J24: 169.5 | K24: 152.7 | L24: 171 | M24: 120 | N24: 209.7 | O24: 172.3 | P24: 193 | Q24: 177 | R24: 199.5 | S24: 186.2 | T24: 178.7 | U24: 185.1 | V24: 173.5 | W24: 182.1 | X24: 174.2 | Y24: 184.4 | Z24: 164.2 | AA24: 170.3 | AB24: 175 | AC24: 181 | AD24: 174.1 | AE24: 177.2
A25: Rural+Urban | B25: 2023 | C25: March | D25: March 2023 | E25: 174.4 | F25: 207.7 | G25: 175.2 | H25: 177.3 | I25: 179.2 | J25: 169.5 | K25: 152.8 | L25: 171.1 | M25: 120 | N25: 209.7 | O25: 172.3 | P25: 193 | Q25: 177 | R25: 199.5 | S25: 186.1 | T25: 178.7 | U25: 185.1 | V25: 173.5 | W25: 181.9 | X25: 174.2 | Y25: 184.4 | Z25: 164.2 | AA25: 170.3 | AB25: 175 | AC25: 181 | AD25: 174.1 | AE25: 177.2
A26: Rural | B26: 2022 | C26: August | D26: August 2022 | E26: 159.5 | F26: 204.1 | G26: 168.3 | H26: 167.9 | I26: 198.1 | J26: 169.2 | K26: 173.1 | L26: 167.1 | M26: 120.2 | N26: 195.6 | O26: 174.8 | P26: 184 | Q26: 173.9 | R26: 193.7 | S26: 183.2 | T26: 181.7 | U26: 183 | V26: =VLOOKUP($D26,Notes!$B$2:$C$229,2,0) -> 169 | W26: 179.1 | X26: 172.3 | Y26: 179.4 | Z26: 166.6 | AA26: 169.3 | AB26: 175.7 | AC26: 171.1 | AD26: 172.6 | AE26: 175.3
A27: Rural | B27: 2023 | C27: May | D27: May 2023 | E27: 173.2 | F27: 211.5 | G27: 171 | H27: 179.6 | I27: 173.3 | J27: 169 | K27: 148.7 | L27: 174.9 | M27: 121.9 | N27: 221 | O27: 178.7 | P27: 191.1 | Q27: 176.8 | R27: 199.9 | S27: 191.2 | T27: 187.9 | U27: 190.8 | V27: 175.6 | W27: 182.5 | X27: 179.8 | Y27: 187.8 | Z27: 169.7 | AA27: 173.8 | AB27: 180.3 | AC27: 184.9 | AD27: 179.5 | AE27: 179.8
A28: Urban | B28: 2021 | C28: April | D28: April 2021 | E28: 147.6 | F28: 202.5 | G28: 166.4 | H28: 156 | I28: 161.4 | J28: 168.8 | K28: 161.6 | L28: 162.8 | M28: 114.8 | N28: 162.8 | O28: 151.5 | P28: 171.4 | Q28: 162 | R28: 194.4 | S28: 155.9 | T28: 139.3 | U28: 153.4 | V28: 161.4 | W28: 154.9 | X28: 147.6 | Y28: 157.5 | Z28: 142.1 | AA28: 149.1 | AB28: 157.6 | AC28: 156.6 | AD28: 150.5 | AE28: 158
A29: Rural | B29: 2022 | C29: May | D29: May 2022 | E29: 152.9 | F29: 214.7 | G29: 161.4 | H29: 164.6 | I29: 209.9 | J29: 168 | K29: 160.4 | L29: 165 | M29: 118.9 | N29: 186.6 | O29: 173.2 | P29: 180.4 | Q29: 170.8 | R29: 192.9 | S29: 179.3 | T29: 177.2 | U29: 179 | V29: =VLOOKUP($D29,Notes!$B$2:$C$229,2,0) -> 167.5 | W29: 175.3 | X29: 168.9 | Y29: 177.7 | Z29: 167.1 | AA29: 167.6 | AB29: 171.8 | AC29: 168.5 | AD29: 170.9 | AE29: 172.5
A30: Urban | B30: 2022 | C30: September | D30: September 2022 | E30: 164.9 | F30: 213.7 | G30: 170.9 | H30: 170.1 | I30: 179.3 | J30: 167.5 | K30: 220.8 | L30: 169.2 | M30: 123.1 | N30: 193.6 | O30: 161.1 | P30: 190.4 | Q30: 181.8 | R30: 199.7 | S30: 175 | T30: 161.7 | U30: 173 | V30: 169.5 | W30: 179.2 | X30: 165 | Y30: 173.8 | Z30: 158.2 | AA30: 165.8 | AB30: 170.9 | AC30: 171.1 | AD30: 166.1 | AE30: 174.1
A31: Rural | B31: 2023 | C31: February | D31: February 2023 | E31: 174.2 | F31: 205.2 | G31: 173.9 | H31: 177 | I31: 183.4 | J31: 167.2 | K31: 140.9 | L31: 170.4 | M31: 119.1 | N31: 212.1 | O31: 177.6 | P31: 189.9 | Q31: 174.8 | R31: 198.3 | S31: 190 | T31: 187 | U31: 189.6 | V31: =VLOOKUP($D31,Notes!$B$2:$C$229,2,0) -> 173.5 | W31: 181.6 | X31: 178.6 | Y31: 186.6 | Z31: 169 | AA31: 172.8 | AB31: 178.5 | AC31: 180.7 | AD31: 177.9 | AE31: 178
A32: Rural | B32: 2023 | C32: March | D32: March 2023 | E32: 174.3 | F32: 205.2 | G32: 173.9 | H32: 177 | I32: 183.3 | J32: 167.2 | K32: 140.9 | L32: 170.5 | M32: 119.1 | N32: 212.1 | O32: 177.6 | P32: 189.9 | Q32: 174.8 | R32: 198.4 | S32: 190 | T32: 187 | U32: 189.6 | V32: =VLOOKUP($D32,Notes!$B$2:$C$229,2,0) -> 173.5 | W32: 181.4 | X32: 178.6 | Y32: 186.6 | Z32: 169 | AA32: 172.8 | AB32: 178.5 | AC32: 180.7 | AD32: 177.9 | AE32: 178
A33: Rural+Urban | B33: 2021 | C33: May | D33: May 2021 | E33: 146.3 | F33: 200.5 | G33: 170.3 | H33: 156.1 | I33: 178.7 | J33: 167.1 | K33: 147.9 | L33: 165.4 | M33: 114.8 | N33: 168.2 | O33: 159.3 | P33: 170.4 | Q33: 160.7 | R33: 191.9 | S33: 161.8 | T33: 152.1 | U33: 160.4 | V33: 161.6 | W33: 159.4 | X33: 154.7 | Y33: 165.8 | Z33: 148.9 | AA33: 155.8 | AB33: 161.2 | AC33: 158.6 | AD33: 156.8 | AE33: 160.4
A34: Rural | B34: 2022 | C34: June | D34: June 2022 | E34: 153.8 | F34: 217.2 | G34: 169.6 | H34: 165.4 | I34: 208.1 | J34: 165.8 | K34: 167.3 | L34: 164.6 | M34: 119.1 | N34: 188.9 | O34: 174.2 | P34: 181.9 | Q34: 172.4 | R34: 192.9 | S34: 180.7 | T34: 178.7 | U34: 180.4 | V34: =VLOOKUP($D34,Notes!$B$2:$C$229,2,0) -> 166.8 | W34: 176.7 | X34: 170.3 | Y34: 178.2 | Z34: 165.5 | AA34: 168 | AB34: 172.6 | AC34: 169.5 | AD34: 171 | AE34: 173.6
A35: Rural+Urban | B35: 2022 | C35: September | D35: September 2022 | E35: 163.5 | F35: 209.2 | G35: 169.7 | H35: 169.7 | I35: 188.7 | J35: 165.7 | K35: 191.8 | L35: 169.1 | M35: 121.6 | N35: 197.3 | O35: 169.4 | P35: 187.4 | Q35: 177.8 | R35: 195.9 | S35: 180.9 | T35: 174.3 | U35: 179.9 | V35: 169.5 | W35: 179.5 | X35: 169.5 | Y35: 177.8 | Z35: 162.3 | AA35: 167.6 | AB35: 173.1 | AC35: 170.9 | AD35: 169.7 | AE35: 175.3
A36: Urban | B36: 2022 | C36: October | D36: October 2022 | E36: 166.4 | F36: 214.9 | G36: 171.9 | H36: 171 | I36: 177.7 | J36: 165.7 | K36: 228.6 | L36: 169.9 | M36: 123.4 | N36: 196.4 | O36: 161.6 | P36: 191.5 | Q36: 183.3 | R36: 200.1 | S36: 175.5 | T36: 162.6 | U36: 173.6 | V36: 171.2 | W36: 180 | X36: 166 | Y36: 174.7 | Z36: 158.8 | AA36: 166.3 | AB36: 171.2 | AC36: 172.3 | AD36: 166.8 | AE36: 175.3
A37: Rural+Urban | B37: 2021 | C37: June | D37: June 2021 | E37: 146.7 | F37: 202 | G37: 180.7 | H37: 156.2 | I37: 183.7 | J37: 164.6 | K37: 155.4 | L37: 166 | M37: 115.1 | N37: 168.5 | O37: 160 | P37: 172.4 | Q37: 162.6 | R37: 190.8 | S37: 162.2 | T37: 151.8 | U37: 160.7 | V37: 160.5 | W37: 159.8 | X37: 154.8 | Y37: 166.3 | Z37: 150.7 | AA37: 154.9 | AB37: 161.7 | AC37: 158.8 | AD37: 157.6 | AE37: 161.3
A38: Rural+Urban | B38: 2021 | C38: April | D38: April 2021 | E38: 144.3 | F38: 198 | G38: 164.6 | H38: 155.4 | I38: 170.1 | J38: 164.4 | K38: 144.1 | L38: 161.7 | M38: 113.1 | N38: 163.9 | O38: 157.6 | P38: 168.9 | Q38: 158 | R38: 188.8 | S38: 158.8 | T38: 148.5 | U38: 157.3 | V38: 161.4 | W38: 155.6 | X38: 151.8 | Y38: 162.3 | Z38: 146.6 | AA38: 153.2 | AB38: 160.3 | AC38: 155.4 | AD38: 154.4 | AE38: 157.8
A39: Rural | B39: 2022 | C39: September | D39: September 2022 | E39: 162.9 | F39: 206.7 | G39: 169 | H39: 169.5 | I39: 194.1 | J39: 164.1 | K39: 176.9 | L39: 169 | M39: 120.8 | N39: 199.1 | O39: 175.4 | P39: 184.8 | Q39: 175.5 | R39: 194.5 | S39: 184.7 | T39: 183.3 | U39: 184.5 | V39: =VLOOKUP($D39,Notes!$B$2:$C$229,2,0) -> 169.5 | W39: 179.7 | X39: 173.6 | Y39: 180.2 | Z39: 166.9 | AA39: 170 | AB39: 176.2 | AC39: 170.8 | AD39: 173.1 | AE39: 176.4
A40: Rural+Urban | B40: 2021 | C40: July | D40: July 2021 | E40: 146.4 | F40: 206.8 | G40: 182.2 | H40: 157.5 | I40: 182.1 | J40: 163.9 | K40: 164.2 | L40: 164 | M40: 114.5 | N40: 168.3 | O40: 160.9 | P40: 172.2 | Q40: 164 | R40: 191.2 | S40: 162.8 | T40: 153.1 | U40: 161.4 | V40: 161.5 | W40: 160.7 | X40: 155.8 | Y40: 167 | Z40: 153.1 | AA40: 155.3 | AB40: 163.2 | AC40: 160.1 | AD40: 159 | AE40: 162.5
A41: Rural+Urban | B41: 2022 | C41: October | D41: October 2022 | E41: 165.2 | F41: 210.9 | G41: 170.9 | H41: 170.9 | I41: 186.5 | J41: 163.8 | K41: 199.7 | L41: 169.8 | M41: 121.9 | N41: 199.9 | O41: 169.9 | P41: 188.3 | Q41: 179.6 | R41: 196.3 | S41: 181.9 | T41: 175.3 | U41: 181 | V41: 171.2 | W41: 180.5 | X41: 170.4 | Y41: 178.7 | Z41: 162.9 | AA41: 168.2 | AB41: 173.4 | AC41: 172.1 | AD41: 170.5 | AE41: 176.7
A42: Urban | B42: 2022 | C42: November | D42: November 2022 | E42: 168.4 | F42: 213.4 | G42: 183.2 | H42: 172.3 | I42: 180 | J42: 162.6 | K42: 205.5 | L42: 171 | M42: 123.4 | N42: 198.8 | O42: 162.1 | P42: 192.4 | Q42: 181.3 | R42: 200.6 | S42: 176.7 | T42: 163.5 | U42: 174.7 | V42: 171.8 | W42: 180.3 | X42: 166.9 | Y42: 175.8 | Z42: 158.9 | AA42: 166.7 | AB42: 171.5 | AC42: 173.8 | AD42: 167.4 | AE42: 174.1
A43: Rural | B43: 2021 | C43: May | D43: May 2021 | E43: 145.1 | F43: 198.5 | G43: 168.6 | H43: 155.8 | I43: 184.4 | J43: 162.3 | K43: 138.4 | L43: 165.1 | M43: 114.3 | N43: 169.7 | O43: 164.6 | P43: 169.8 | Q43: 158.7 | R43: 189.6 | S43: 165.3 | T43: 160.6 | U43: 164.5 | V43: =VLOOKUP($D43,Notes!$B$2:$C$229,2,0) -> 161.6 | W43: 161.7 | X43: 158.8 | Y43: 169.1 | Z43: 153.2 | AA43: 160 | AB43: 167.6 | AC43: 159.3 | AD43: 161.1 | AE43: 161.1
A44: Rural | B44: 2022 | C44: October | D44: October 2022 | E44: 164.7 | F44: 208.8 | G44: 170.3 | H44: 170.9 | I44: 191.6 | J44: 162.2 | K44: 184.8 | L44: 169.7 | M44: 121.1 | N44: 201.6 | O44: 175.8 | P44: 185.6 | Q44: 177.4 | R44: 194.9 | S44: 186.1 | T44: 184.4 | U44: 185.9 | V44: =VLOOKUP($D44,Notes!$B$2:$C$229,2,0) -> 171.2 | W44: 180.8 | X44: 174.4 | Y44: 181.2 | Z44: 167.4 | AA44: 170.6 | AB44: 176.5 | AC44: 172 | AD44: 173.9 | AE44: 177.9
A45: Urban | B45: 2021 | C45: August | D45: August 2021 | E45: 149.3 | F45: 207.4 | G45: 174.1 | H45: 159.2 | I45: 175 | J45: 161.3 | K45: 183.3 | L45: 164.5 | M45: 120.4 | N45: 166.2 | O45: 154.8 | P45: 175.1 | Q45: 167.3 | R45: 196.5 | S45: 159.8 | T45: 143.6 | U45: 157.3 | V45: 162.1 | W45: 160.7 | X45: 153.2 | Y45: 162.8 | Z45: 150.4 | AA45: 153.7 | AB45: 160.4 | AC45: 159.6 | AD45: 156 | AE45: 162.3
A46: Urban | B46: 2021 | C46: September | D46: September 2021 | E46: 149.3 | F46: 207.4 | G46: 174.1 | H46: 159.1 | I46: 175 | J46: 161.2 | K46: 183.5 | L46: 164.5 | M46: 120.4 | N46: 166.2 | O46: 154.8 | P46: 175.1 | Q46: 167.3 | R46: 196.5 | S46: 159.8 | T46: 143.6 | U46: 157.4 | V46: 162.1 | W46: 160.8 | X46: 153.3 | Y46: 162.8 | Z46: 150.5 | AA46: 153.9 | AB46: 160.3 | AC46: 159.6 | AD46: 156 | AE46: 162.3
A47: Rural+Urban | B47: 2022 | C47: November | D47: November 2022 | E47: 167.4 | F47: 209.4 | G47: 181.4 | H47: 172.3 | I47: 188.9 | J47: 160.7 | K47: 183.1 | L47: 170.5 | M47: 122.1 | N47: 202.8 | O47: 170.4 | P47: 189.5 | Q47: 178.3 | R47: 196.9 | S47: 183.1 | T47: 176.2 | U47: 182.1 | V47: 171.8 | W47: 181.3 | X47: 171.4 | Y47: 179.8 | Z47: 163 | AA47: 168.5 | AB47: 173.7 | AC47: 173.6 | AD47: 171.1 | AE47: 176.5
A48: Rural | B48: 2021 | C48: April | D48: April 2021 | E48: 142.7 | F48: 195.5 | G48: 163.4 | H48: 155 | I48: 175.2 | J48: 160.6 | K48: 135.1 | L48: 161.1 | M48: 112.2 | N48: 164.4 | O48: 161.9 | P48: 166.8 | Q48: 155.6 | R48: 186.8 | S48: 160.7 | T48: 155.1 | U48: 159.9 | V48: 161.4 | W48: 156 | X48: 155.5 | Y48: 165.3 | Z48: 151.7 | AA48: 158.6 | AB48: 164.1 | AC48: 154.6 | AD48: 158 | AE48: 157.6
A49: Urban | B49: 2023 | C49: January | D49: January 2023 | E49: 173.3 | F49: 215.2 | G49: 197 | H49: 175.2 | I49: 178 | J49: 160.5 | K49: 175.3 | L49: 171.2 | M49: 122.7 | N49: 204.3 | O49: 163.7 | P49: 194.3 | Q49: 179.5 | R49: 201.6 | S49: 178.7 | T49: 165.3 | U49: 176.6 | V49: 172.1 | W49: 180.1 | X49: 168 | Y49: 178.5 | Z49: 159.5 | AA49: 167.8 | AB49: 171.8 | AC49: 178.8 | AD49: 168.9 | AE49: 174.9
A50: Urban | B50: 2021 | C50: November | D50: November 2021 | E50: 151 | F50: 204.9 | G50: 175.4 | H50: 159.6 | I50: 175.8 | J50: 160.3 | K50: 229.1 | L50: 165.1 | M50: 123.1 | N50: 167.2 | O50: 156.1 | P50: 176.8 | Q50: 173.5 | R50: 197 | S50: 162.3 | T50: 145.3 | U50: 159.7 | V50: 164.2 | W50: 161.6 | X50: 155.2 | Y50: 164.2 | Z50: 151.2 | AA50: 156.7 | AB50: 160.8 | AC50: 161.8 | AD50: 157.3 | AE50: 165.6
A51: Urban | B51: 2022 | C51: March | D51: March 2022 | E51: 153.7 | F51: 215.8 | G51: 167.7 | H51: 162.6 | I51: 180 | J51: 159.6 | K51: 188.4 | L51: 163.4 | M51: 120.3 | N51: 174.7 | O51: 157.1 | P51: 181.5 | Q51: 171.5 | R51: 197.5 | S51: 167.1 | T51: 152.6 | U51: 164.9 | V51: 165.3 | W51: 164.5 | X51: 158.6 | Y51: 168.2 | Z51: 154.2 | AA51: 160.8 | AB51: 162.7 | AC51: 166.8 | AD51: 160.6 | AE51: 166.5
A52: Urban | B52: 2022 | C52: December | D52: December 2022 | E52: 170.2 | F52: 212.9 | G52: 191.9 | H52: 173.9 | I52: 179.1 | J52: 159.5 | K52: 178.7 | L52: 171.3 | M52: 123.1 | N52: 200.5 | O52: 162.8 | P52: 193.3 | Q52: 178.6 | R52: 201.1 | S52: 177.7 | T52: 164.5 | U52: 175.7 | V52: 170.7 | W52: 180.6 | X52: 167.3 | Y52: 177.2 | Z52: 159.4 | AA52: 167.1 | AB52: 171.8 | AC52: 176 | AD52: 168.2 | AE52: 174.1
A53: Urban | B53: 2021 | C53: October | D53: October 2021 | E53: 150.1 | F53: 208.4 | G53: 173 | H53: 159.2 | I53: 176.6 | J53: 159.3 | K53: 214.4 | L53: 165.3 | M53: 122.5 | N53: 166.8 | O53: 155.4 | P53: 175.9 | Q53: 171.5 | R53: 197 | S53: 160.8 | T53: 144.4 | U53: 158.3 | V53: 163.6 | W53: 162.2 | X53: 154.3 | Y53: 163.5 | Z53: 152.2 | AA53: 155.1 | AB53: 160.3 | AC53: 160.3 | AD53: 157 | AE53: 164.6
A54: Rural | B54: 2022 | C54: November | D54: November 2022 | E54: 166.9 | F54: 207.2 | G54: 180.2 | H54: 172.3 | I54: 194 | J54: 159.1 | K54: 171.6 | L54: 170.2 | M54: 121.5 | N54: 204.8 | O54: 176.4 | P54: 186.9 | Q54: 176.6 | R54: 195.5 | S54: 187.2 | T54: 185.2 | U54: 186.9 | V54: =VLOOKUP($D54,Notes!$B$2:$C$229,2,0) -> 171.8 | W54: 181.9 | X54: 175.5 | Y54: 182.3 | Z54: 167.5 | AA54: 170.8 | AB54: 176.9 | AC54: 173.4 | AD54: 174.6 | AE54: 177.8
A55: Rural | B55: 2021 | C55: June | D55: June 2021 | E55: 145.6 | F55: 200.1 | G55: 179.3 | H55: 156.1 | I55: 190.4 | J55: 158.6 | K55: 144.7 | L55: 165.5 | M55: 114.6 | N55: 170 | O55: 165.5 | P55: 171.7 | Q55: 160.5 | R55: 189.1 | S55: 165.3 | T55: 159.9 | U55: 164.6 | V55: =VLOOKUP($D55,Notes!$B$2:$C$229,2,0) -> 160.5 | W55: 162.1 | X55: 159.2 | Y55: 169.7 | Z55: 154.2 | AA55: 160.4 | AB55: 166.8 | AC55: 159.4 | AD55: 161.5 | AE55: 162.1
A56: Urban | B56: 2021 | C56: December | D56: December 2021 | E56: 151.6 | F56: 202.2 | G56: 180 | H56: 160 | I56: 173.5 | J56: 158.3 | K56: 219.5 | L56: 164.2 | M56: 121.9 | N56: 168.2 | O56: 156.5 | P56: 178.2 | Q56: 172.2 | R56: 196.8 | S56: 163.3 | T56: 146.7 | U56: 160.7 | V56: 163.4 | W56: 161.7 | X56: 156 | Y56: 165.1 | Z56: 151.8 | AA56: 157.6 | AB56: 160.6 | AC56: 162.4 | AD56: 157.8 | AE56: 165.2
A57: Rural+Urban | B57: 2023 | C57: January | D57: January 2023 | E57: 173.8 | F57: 210.7 | G57: 194.5 | H57: 174.6 | I57: 187.2 | J57: 158.3 | K57: 153.9 | L57: 170.9 | M57: 121.1 | N57: 208.4 | O57: 171.4 | P57: 191.2 | Q57: 176.7 | R57: 198.2 | S57: 184.9 | T57: 177.6 | U57: 183.8 | V57: 172.1 | W57: 182 | X57: 172.9 | Y57: 182.3 | Z57: 163.6 | AA57: 169.5 | AB57: 174.3 | AC57: 178.6 | AD57: 172.8 | AE57: 176.5
A58: Rural+Urban | B58: 2022 | C58: December | D58: December 2022 | E58: 169.2 | F58: 209 | G58: 190.2 | H58: 173.6 | I58: 188.5 | J58: 158 | K58: 159.9 | L58: 170.8 | M58: 121.8 | N58: 205.2 | O58: 171 | P58: 190.3 | Q58: 175.9 | R58: 197.3 | S58: 184 | T58: 177 | U58: 183 | V58: 170.7 | W58: 182 | X58: 172.1 | Y58: 181.1 | Z58: 163.4 | AA58: 168.9 | AB58: 174.1 | AC58: 175.8 | AD58: 172 | AE58: 175.7
A59: Rural | B59: 2021 | C59: July | D59: July 2021 | E59: 145.1 | F59: 204.5 | G59: 180.4 | H59: 157.1 | I59: 188.7 | J59: 157.7 | K59: 152.8 | L59: 163.6 | M59: 113.9 | N59: 169.7 | O59: 166.2 | P59: 171 | Q59: 161.7 | R59: 189.7 | S59: 166 | T59: 161.1 | U59: 165.3 | V59: =VLOOKUP($D59,Notes!$B$2:$C$229,2,0) -> 161.5 | W59: 162.5 | X59: 160.3 | Y59: 170.4 | Z59: 157.1 | AA59: 160.7 | AB59: 167.2 | AC59: 160.4 | AD59: 162.8 | AE59: 163.2
A60: Rural+Urban | B60: 2022 | C60: March | D60: March 2022 | E60: 151.3 | F60: 210.7 | G60: 167.8 | H60: 162.2 | I60: 194.6 | J60: 157.6 | K60: 166.9 | L60: 163.9 | M60: 118.8 | N60: 177.4 | O60: 165.3 | P60: 179.3 | Q60: 168.4 | R60: 193.7 | S60: 172.1 | T60: 164.6 | U60: 171.1 | V60: 165.3 | W60: 167.2 | X60: 162.8 | Y60: 173 | Z60: 157.9 | AA60: 163.3 | AB60: 166 | AC60: 167.2 | AD60: 164.6 | AE60: 167.7
A61: Rural | B61: 2018 | C61: May | D61: May 2018 | E61: 137.4 | F61: 145.7 | G61: 135.5 | H61: 142.9 | I61: 123.6 | J61: 157.5 | K61: 137.8 | L61: 127.2 | M61: 111.8 | N61: 137.4 | O61: 132.2 | P61: 154.3 | Q61: 139.1 | R61: 157 | S61: 150.8 | T61: 144.1 | U61: 149.8 | V61: =VLOOKUP($D61,Notes!$B$2:$C$229,2,0) -> 143.2 | W61: 144.3 | X61: 141.8 | Y61: 138.4 | Z61: 126.4 | AA61: 136.8 | AB61: 144.4 | AC61: 131.2 | AD61: 135.1 | AE61: 139.8
A62: Urban | B62: 2021 | C62: March | D62: March 2021 | E62: 147.5 | F62: 197.5 | G62: 164.7 | H62: 155.6 | I62: 156.4 | J62: 157.3 | K62: 166.1 | L62: 161.1 | M62: 114.3 | N62: 162.6 | O62: 150.7 | P62: 170.3 | Q62: 160.4 | R62: 193.5 | S62: 155.1 | T62: 138.7 | U62: 152.6 | V62: 159.9 | W62: 154.8 | X62: 147.2 | Y62: 156.9 | Z62: 141.7 | AA62: 148.6 | AB62: 157.6 | AC62: 154.9 | AD62: 150 | AE62: 156.9
A63: Rural+Urban | B63: 2021 | C63: August | D63: August 2021 | E63: 146.6 | F63: 204 | G63: 172.8 | H63: 158.4 | I63: 188 | J63: 156.8 | K63: 162.2 | L63: 164.1 | M63: 119.7 | N63: 168.8 | O63: 162.7 | P63: 173.9 | Q63: 164 | R63: 192.1 | S63: 164.5 | T63: 155.3 | U63: 163.2 | V63: 162.1 | W63: 162.6 | X63: 157.5 | Y63: 168.4 | Z63: 154 | AA63: 157.6 | AB63: 163.8 | AC63: 160 | AD63: 160 | AE63: 163.2
A64: Rural+Urban | B64: 2021 | C64: September | D64: September 2021 | E64: 146.6 | F64: 204 | G64: 172.8 | H64: 158.4 | I64: 188 | J64: 156.7 | K64: 162.3 | L64: 164.1 | M64: 119.7 | N64: 168.8 | O64: 162.7 | P64: 173.9 | Q64: 164 | R64: 192.1 | S64: 164.6 | T64: 155.3 | U64: 163.3 | V64: 162.1 | W64: 162.6 | X64: 157.5 | Y64: 168.4 | Z64: 154 | AA64: 157.7 | AB64: 163.7 | AC64: 160 | AD64: 160 | AE64: 163.2
A65: Rural | B65: 2022 | C65: December | D65: December 2022 | E65: 168.8 | F65: 206.9 | G65: 189.1 | H65: 173.4 | I65: 193.9 | J65: 156.7 | K65: 150.2 | L65: 170.5 | M65: 121.2 | N65: 207.5 | O65: 176.8 | P65: 187.7 | Q65: 174.4 | R65: 195.9 | S65: 188.1 | T65: 185.9 | U65: 187.8 | V65: =VLOOKUP($D65,Notes!$B$2:$C$229,2,0) -> 170.7 | W65: 182.8 | X65: 176.4 | Y65: 183.5 | Z65: 167.8 | AA65: 171.2 | AB65: 177.3 | AC65: 175.7 | AD65: 175.5 | AE65: 177.1
A66: Rural+Urban | B66: 2021 | C66: November | D66: November 2021 | E66: 148.2 | F66: 201.6 | G66: 173 | H66: 159.3 | I66: 190.1 | J66: 156.5 | K66: 199.2 | L66: 165.3 | M66: 122.4 | N66: 169.6 | O66: 163.7 | P66: 175.5 | Q66: 169.7 | R66: 192.9 | S66: 167.2 | T66: 157.4 | U66: 165.8 | V66: 164.2 | W66: 163.9 | X66: 159.3 | Y66: 169.9 | Z66: 154.8 | AA66: 159.8 | AB66: 164.3 | AC66: 162.2 | AD66: 161.4 | AE66: 166.7
A67: Urban | B67: 2022 | C67: January | D67: January 2022 | E67: 152.2 | F67: 202.1 | G67: 180.1 | H67: 160.4 | I67: 171 | J67: 156.5 | K67: 203.6 | L67: 163.8 | M67: 121.3 | N67: 169.8 | O67: 156.6 | P67: 179 | Q67: 170.3 | R67: 196.4 | S67: 164.7 | T67: 148.5 | U67: 162.2 | V67: 164.5 | W67: 161.6 | X67: 156.8 | Y67: 166.1 | Z67: 152.7 | AA67: 158.4 | AB67: 161 | AC67: 162.8 | AD67: 158.6 | AE67: 165
A68: Rural | B68: 2018 | C68: April | D68: April 2018 | E68: 137.1 | F68: 144.5 | G68: 135.9 | H68: 142.4 | I68: 123.5 | J68: 156.4 | K68: 135.1 | L68: 128.4 | M68: 115.2 | N68: 137.2 | O68: 131.9 | P68: 153.8 | Q68: 138.6 | R68: 156.1 | S68: 150.1 | T68: 143.3 | U68: 149.1 | V68: =VLOOKUP($D68,Notes!$B$2:$C$229,2,0) -> 142.9 | W68: 143.8 | X68: 140.9 | Y68: 137.6 | Z68: 125.3 | AA68: 136 | AB68: 143.7 | AC68: 130.4 | AD68: 134.2 | AE68: 139.1
A69: Urban | B69: 2022 | C69: February | D69: February 2022 | E69: 152.5 | F69: 205.2 | G69: 176.4 | H69: 160.6 | I69: 171.5 | J69: 156.4 | K69: 198 | L69: 163.2 | M69: 120.6 | N69: 172.2 | O69: 156.7 | P69: 180 | Q69: 170.2 | R69: 196.5 | S69: 165.7 | T69: 150.4 | U69: 163.4 | V69: 165.5 | W69: 163 | X69: 157.4 | Y69: 167.2 | Z69: 153.1 | AA69: 159.5 | AB69: 162 | AC69: 164.2 | AD69: 159.4 | AE69: 165.5
A70: Rural | B70: 2023 | C70: January | D70: January 2023 | E70: 174 | F70: 208.3 | G70: 192.9 | H70: 174.3 | I70: 192.6 | J70: 156.3 | K70: 142.9 | L70: 170.7 | M70: 120.3 | N70: 210.5 | O70: 176.9 | P70: 188.5 | Q70: 175 | R70: 196.9 | S70: 189 | T70: 186.3 | U70: 188.6 | V70: =VLOOKUP($D70,Notes!$B$2:$C$229,2,0) -> 172.1 | W70: 183.2 | X70: 177.2 | Y70: 184.7 | Z70: 168.2 | AA70: 171.8 | AB70: 177.8 | AC70: 178.4 | AD70: 176.5 | AE70: 177.8
A71: Rural | B71: 2022 | C71: March | D71: March 2022 | E71: 150.2 | F71: 208 | G71: 167.9 | H71: 162 | I71: 203.1 | J71: 155.9 | K71: 155.8 | L71: 164.2 | M71: 118.1 | N71: 178.7 | O71: 171.2 | P71: 177.4 | Q71: 166.6 | R71: 192.3 | S71: 175.4 | T71: 173.2 | U71: 175.1 | V71: =VLOOKUP($D71,Notes!$B$2:$C$229,2,0) -> 165.3 | W71: 168.9 | X71: 166.5 | Y71: 176 | Z71: 162 | AA71: 166.6 | AB71: 170.6 | AC71: 167.4 | AD71: 168.3 | AE71: 168.7
A72: Urban | B72: 2020 | C72: October | D72: October 2020 | E72: 150.6 | F72: 193.7 | G72: 164.8 | H72: 153.7 | I72: 135.7 | J72: 155.7 | K72: 226 | L72: 152.2 | M72: 118.1 | N72: 161.3 | O72: 139.2 | P72: 164.8 | Q72: 164.4 | R72: 188.7 | S72: 150.5 | T72: 136.1 | U72: 148.3 | V72: 156.5 | W72: 137.1 | X72: 145.1 | Y72: 151 | Z72: 135.4 | AA72: 142 | AB72: 155.7 | AC72: 158.1 | AD72: 146.2 | AE72: 155.2
A73: Rural | B73: 2021 | C73: August | D73: August 2021 | E73: 144.9 | F73: 202.3 | G73: 176.5 | H73: 157.5 | I73: 190.9 | J73: 155.7 | K73: 153.9 | L73: 162.8 | M73: 115.2 | N73: 169.8 | O73: 167.6 | P73: 171.9 | Q73: 161.8 | R73: 190.2 | S73: 167 | T73: 162.6 | U73: 166.3 | V73: =VLOOKUP($D73,Notes!$B$2:$C$229,2,0) -> 162.1 | W73: 163.1 | X73: 160.9 | Y73: 171.1 | Z73: 157.7 | AA73: 161.1 | AB73: 167.5 | AC73: 160.3 | AD73: 163.3 | AE73: 163.6
A74: Rural+Urban | B74: 2021 | C74: October | D74: October 2021 | E74: 147.4 | F74: 204.6 | G74: 171.2 | H74: 158.7 | I74: 190.6 | J74: 155.7 | K74: 185.3 | L74: 165.2 | M74: 121.9 | N74: 169.3 | O74: 163.2 | P74: 174.7 | Q74: 167.7 | R74: 192.7 | S74: 165.7 | T74: 156.3 | U74: 164.3 | V74: 163.6 | W74: 164.2 | X74: 158.4 | Y74: 169.1 | Z74: 155.7 | AA74: 158.6 | AB74: 163.9 | AC74: 160.8 | AD74: 161 | AE74: 165.5
A75: Urban | B75: 2020 | C75: September | D75: September 2020 | E75: 151.5 | F75: 193.1 | G75: 157.3 | H75: 153.9 | I75: 134.4 | J75: 155.4 | K75: 202 | L75: 150.8 | M75: 118.9 | N75: 160.9 | O75: 137.7 | P75: 164.4 | Q75: 161.3 | R75: 188.7 | S75: 150.2 | T75: 136.3 | U75: 148.1 | V75: 156.3 | W75: 137.2 | X75: 145.4 | Y75: 150 | Z75: 135.1 | AA75: 141.8 | AB75: 154.9 | AC75: 159.8 | AD75: 146 | AE75: 154
A76: Rural+Urban | B76: 2021 | C76: December | D76: December 2021 | E76: 148.7 | F76: 198.8 | G76: 177.9 | H76: 159.9 | I76: 187.6 | J76: 154.9 | K76: 188.3 | L76: 164.4 | M76: 121 | N76: 170.5 | O76: 164.2 | P76: 176.5 | Q76: 168.2 | R76: 192.4 | S76: 168.5 | T76: 158.7 | U76: 167 | V76: 163.4 | W76: 164.1 | X76: 160.2 | Y76: 170.6 | Z76: 155.7 | AA76: 160.6 | AB76: 164.4 | AC76: 162.6 | AD76: 162 | AE76: 166.2
A77: Urban | B77: 2019 | C77: July | D77: July 2019 | E77: 141.4 | F77: 160.2 | G77: 142.5 | H77: 144.1 | I77: 119.3 | J77: 154.7 | K77: 180.1 | L77: 128.9 | M77: 111.8 | N77: 141.6 | O77: 129.5 | P77: 155.6 | Q77: 147.7 | R77: 167.2 | S77: 144.7 | T77: 131.9 | U77: 142.7 | V77: 150.6 | W77: 127 | X77: 137.7 | Y77: 140.8 | Z77: 120.6 | AA77: 135 | AB77: 150.4 | AC77: 135.1 | AD77: 134.5 | AE77: 143.3
A78: Rural+Urban | B78: 2018 | C78: May | D78: May 2018 | E78: 136.6 | F78: 146.6 | G78: 133.6 | H78: 142.1 | I78: 121 | J78: 154.6 | K78: 135.6 | L78: 122.3 | M78: 109.6 | N78: 138.1 | O78: 129.9 | P78: 151.7 | Q78: 138.1 | R78: 157.9 | S78: 146 | T78: 137.4 | U78: 144.7 | V78: 143.2 | W78: 136.9 | X78: 137.4 | Y78: 136 | Z78: 122.9 | AA78: 131.8 | AB78: 142.1 | AC78: 129.9 | AD78: 132.1 | AE78: 137.8
A79: Urban | B79: 2020 | C79: August | D79: August 2020 | E79: 151.6 | F79: 197.8 | G79: 154.5 | H79: 153.4 | I79: 133.4 | J79: 154.5 | K79: 191.9 | L79: 151.3 | M79: 116.8 | N79: 160 | O79: 136.5 | P79: 163.3 | Q79: 159.9 | R79: 187.2 | S79: 150 | T79: 135.2 | U79: 147.8 | V79: 155.5 | W79: 138.3 | X79: 144.5 | Y79: 148.7 | Z79: 133.9 | AA79: 141.2 | AB79: 155.5 | AC79: 155.2 | AD79: 144.8 | AE79: 152.9
A80: Rural | B80: 2018 | C80: August | D80: August 2018 | E80: 139.2 | F80: 148.8 | G80: 139.1 | H80: 143.5 | I80: 125 | J80: 154.4 | K80: 156.3 | L80: 126.8 | M80: 115.4 | N80: 138.6 | O80: 133.8 | P80: 155.2 | Q80: 142.7 | R80: 156.4 | S80: 152.1 | T80: 145.8 | U80: 151.3 | V80: =VLOOKUP($D80,Notes!$B$2:$C$229,2,0) -> 144.6 | W80: 147.7 | X80: 143.8 | Y80: 139.4 | Z80: 128.3 | AA80: 138.6 | AB80: 146.9 | AC80: 131.3 | AD80: 136.6 | AE80: 142.5
A81: Rural | B81: 2018 | C81: June | D81: June 2018 | E81: 137.6 | F81: 148.1 | G81: 136.7 | H81: 143.2 | I81: 124 | J81: 154.1 | K81: 143.5 | L81: 126 | M81: 112.4 | N81: 137.6 | O81: 132.8 | P81: 154.3 | Q81: 140 | R81: 157.3 | S81: 151.3 | T81: 144.7 | U81: 150.3 | V81: =VLOOKUP($D81,Notes!$B$2:$C$229,2,0) -> 142.5 | W81: 145.1 | X81: 142.2 | Y81: 138.4 | Z81: 127.4 | AA81: 137.8 | AB81: 145.1 | AC81: 131.4 | AD81: 135.6 | AE81: 140.5
A82: Urban | B82: 2021 | C82: February | D82: February 2021 | E82: 147.6 | F82: 191.2 | G82: 169.9 | H82: 155.1 | I82: 151.4 | J82: 154 | K82: 180.2 | L82: 159.8 | M82: 114.9 | N82: 162.5 | O82: 149.2 | P82: 169.4 | Q82: 160.8 | R82: 193.3 | S82: 154.2 | T82: 138.2 | U82: 151.8 | V82: 159.8 | W82: 149.1 | X82: 146.5 | Y82: 156.3 | Z82: 140.5 | AA82: 147.3 | AB82: 156.6 | AC82: 156.7 | AD82: 149.3 | AE82: 156.5
A83: Urban | B83: 2019 | C83: August | D83: August 2019 | E83: 142.1 | F83: 158.3 | G83: 140.8 | H83: 144.9 | I83: 119.9 | J83: 153.9 | K83: 189.1 | L83: 129.8 | M83: 112.7 | N83: 142.5 | O83: 129.8 | P83: 156.2 | Q83: 149.1 | R83: 167.9 | S83: 145 | T83: 132.2 | U83: 143 | V83: 151.6 | W83: 125.5 | X83: 138.1 | Y83: 141.5 | Z83: 120.8 | AA83: 135.4 | AB83: 151.5 | AC83: 137.8 | AD83: 135.3 | AE83: 144.2
A84: Rural+Urban | B84: 2021 | C84: March | D84: March 2021 | E84: 144.1 | F84: 192.2 | G84: 163.8 | H84: 154.9 | I84: 163.9 | J84: 153.7 | K84: 149.5 | L84: 159.8 | M84: 112.6 | N84: 163.5 | O84: 156.5 | P84: 168.2 | Q84: 156.7 | R84: 188.1 | S84: 157.8 | T84: 147.9 | U84: 156.4 | V84: 159.9 | W84: 155.5 | X84: 151.2 | Y84: 161.7 | Z84: 146.2 | AA84: 152.6 | AB84: 160.2 | AC84: 153.8 | AD84: 153.8 | AE84: 156.8
A85: Rural+Urban | B85: 2022 | C85: January | D85: January 2022 | E85: 149.5 | F85: 198.7 | G85: 178.8 | H85: 160.5 | I85: 184.7 | J85: 153.7 | K85: 174.3 | L85: 163.9 | M85: 120 | N85: 172.1 | O85: 164.3 | P85: 177.3 | Q85: 166.4 | R85: 192.2 | S85: 169.9 | T85: 160.7 | U85: 168.5 | V85: 164.5 | W85: 164.2 | X85: 161.1 | Y85: 171.4 | Z85: 156.5 | AA85: 161.2 | AB85: 164.7 | AC85: 163 | AD85: 162.7 | AE85: 165.7
A86: Rural+Urban | B86: 2022 | C86: February | D86: February 2022 | E86: 150 | F86: 200.6 | G86: 175.8 | H86: 160.7 | I86: 184.9 | J86: 153.7 | K86: 169.7 | L86: 163.7 | M86: 118.9 | N86: 174.3 | O86: 164.7 | P86: 178 | Q86: 166.2 | R86: 192.8 | S86: 170.8 | T86: 162.4 | U86: 169.6 | V86: 165.5 | W86: 165.7 | X86: 161.8 | Y86: 172.2 | Z86: 156.9 | AA86: 162.1 | AB86: 165.4 | AC86: 164.4 | AD86: 163.5 | AE86: 166.1
A87: Rural+Urban | B87: 2018 | C87: April | D87: April 2018 | E87: 136.4 | F87: 144.4 | G87: 133.9 | H87: 141.6 | I87: 121 | J87: 153.5 | K87: 132.6 | L87: 123.5 | M87: 113.7 | N87: 138.2 | O87: 129.6 | P87: 151.2 | Q87: 137.5 | R87: 156.9 | S87: 145.3 | T87: 136.7 | U87: 144 | V87: 142.9 | W87: 136.5 | X87: 136.6 | Y87: 135.2 | Z87: 121.9 | AA87: 131.3 | AB87: 141.4 | AC87: 129.2 | AD87: 131.3 | AE87: 137.1
A88: Rural | B88: 2018 | C88: July | D88: July 2018 | E88: 138.4 | F88: 149.3 | G88: 139.3 | H88: 143.4 | I88: 124.1 | J88: 153.3 | K88: 154.2 | L88: 126.4 | M88: 114.3 | N88: 138.2 | O88: 132.8 | P88: 154.8 | Q88: 142 | R88: 156.1 | S88: 151.5 | T88: 145.1 | U88: 150.6 | V88: =VLOOKUP($D88,Notes!$B$2:$C$229,2,0) -> 143.6 | W88: 146.8 | X88: 143.1 | Y88: 139 | Z88: 127.5 | AA88: 138.4 | AB88: 145.8 | AC88: 131.4 | AD88: 136 | AE88: 141.8
A89: Rural+Urban | B89: 2018 | C89: June | D89: June 2018 | E89: 136.9 | F89: 148.7 | G89: 135.6 | H89: 142.3 | I89: 121.3 | J89: 153.2 | K89: 143.7 | L89: 121.4 | M89: 111.1 | N89: 138.4 | O89: 130.3 | P89: 151.8 | Q89: 139.4 | R89: 158.3 | S89: 146.4 | T89: 138.1 | U89: 145.2 | V89: 142.5 | W89: 138.1 | X89: 137.9 | Y89: 136.2 | Z89: 123.7 | AA89: 132.6 | AB89: 142.8 | AC89: 130.1 | AD89: 132.6 | AE89: 138.5
A90: Rural | B90: 2021 | C90: November | D90: November 2021 | E90: 146.9 | F90: 199.8 | G90: 171.5 | H90: 159.1 | I90: 198.4 | J90: 153.2 | K90: 183.9 | L90: 165.4 | M90: 122.1 | N90: 170.8 | O90: 169.1 | P90: 174.3 | Q90: 167.5 | R90: 191.4 | S90: 170.4 | T90: 166 | U90: 169.8 | V90: =VLOOKUP($D90,Notes!$B$2:$C$229,2,0) -> 164.2 | W90: 165.3 | X90: 162.9 | Y90: 173.4 | Z90: 158.9 | AA90: 163.8 | AB90: 169.3 | AC90: 162.4 | AD90: 165.2 | AE90: 167.6
A91: Rural | B91: 2018 | C91: March | D91: March 2018 | E91: 136.8 | F91: 143.8 | G91: 140 | H91: 142 | I91: 123.2 | J91: 152.9 | K91: 138 | L91: 129.3 | M91: 117.1 | N91: 136.3 | O91: 131.2 | P91: 152.8 | Q91: 138.6 | R91: 155.1 | S91: 149.2 | T91: 143 | U91: 148.3 | V91: =VLOOKUP($D91,Notes!$B$2:$C$229,2,0) -> 142 | W91: 142.6 | X91: 139.9 | Y91: 136.7 | Z91: 124.6 | AA91: 135.1 | AB91: 142.7 | AC91: 129.3 | AD91: 133.3 | AE91: 138.7
A92: Urban | B92: 2020 | C92: April | D92: April 2020 | E92: 151.8 | F92: 182.25 | G92: 151.9 | H92: 155.5 | I92: 131.6 | J92: 152.9 | K92: 180 | L92: 150.8 | M92: 121.2 | N92: 154 | O92: 133.5 | P92: 160.4 | Q92: 153.5 | R92: 180 | S92: 148.4 | T92: 135.2 | U92: 146.4 | V92: 155.6 | W92: 137.1 | X92: 151.6 | Y92: 144.8 | Z92: 126.95 | AA92: 141.2 | AB92: 152.5 | AC92: 148.75 | AD92: 140.35 | AE92: 149.05
A93: Rural | B93: 2021 | C93: September | D93: September 2021 | E93: 145.4 | F93: 202.1 | G93: 172 | H93: 158 | I93: 195.5 | J93: 152.7 | K93: 151.4 | L93: 163.9 | M93: 119.3 | N93: 170.1 | O93: 168.3 | P93: 172.8 | Q93: 162.1 | R93: 190.5 | S93: 167.7 | T93: 163.6 | U93: 167.1 | V93: =VLOOKUP($D93,Notes!$B$2:$C$229,2,0) -> 162.1 | W93: 163.7 | X93: 161.3 | Y93: 171.9 | Z93: 157.8 | AA93: 162.7 | AB93: 168.5 | AC93: 160.2 | AD93: 163.8 | AE93: 164
A94: Urban | B94: 2021 | C94: January | D94: January 2021 | E94: 148 | F94: 194.8 | G94: 178.4 | H94: 154.4 | I94: 144.1 | J94: 152.6 | K94: 206.8 | L94: 162.1 | M94: 116.3 | N94: 163 | O94: 145.9 | P94: 167.2 | Q94: 163.4 | R94: 191.8 | S94: 152.5 | T94: 137.3 | U94: 150.2 | V94: 157.7 | W94: 142.9 | X94: 145.7 | Y94: 154.1 | Z94: 136.9 | AA94: 145.4 | AB94: 156.1 | AC94: 157.7 | AD94: 147.6 | AE94: 156
A95: Rural | B95: 2021 | C95: October | D95: October 2021 | E95: 146.1 | F95: 202.5 | G95: 170.1 | H95: 158.4 | I95: 198.8 | J95: 152.6 | K95: 170.4 | L95: 165.2 | M95: 121.6 | N95: 170.6 | O95: 168.8 | P95: 173.6 | Q95: 165.5 | R95: 191.2 | S95: 168.9 | T95: 164.8 | U95: 168.3 | V95: =VLOOKUP($D95,Notes!$B$2:$C$229,2,0) -> 163.6 | W95: 165.5 | X95: 162 | Y95: 172.5 | Z95: 159.5 | AA95: 163.2 | AB95: 169 | AC95: 161.1 | AD95: 164.7 | AE95: 166.3
A96: Urban | B96: 2020 | C96: May | D96: May 2020 | E96: 152.25 | F96: 182.25 | G96: 451.5 | H96: 154.45 | I96: 132.25 | J96: 152.35 | K96: 175.6 | L96: 151.4 | M96: 118.75 | N96: 156.4 | O96: 134.55 | P96: 160.4 | Q96: 155.25 | R96: 180 | S96: 148.4 | T96: 135.2 | U96: 146.4 | V96: 155.15 | W96: 137.1 | X96: 146 | Y96: 146.45 | Z96: 126.95 | AA96: 141.2 | AB96: 152.5 | AC96: 148.75 | AD96: 140.35 | AE96: 149.05
A97: Urban | B97: 2018 | C97: June | D97: June 2018 | E97: 135.3 | F97: 149.7 | G97: 133.9 | H97: 140.8 | I97: 116.6 | J97: 152.2 | K97: 144 | L97: 112.3 | M97: 108.4 | N97: 140 | O97: 126.7 | P97: 149 | Q97: 138.4 | R97: 161 | S97: 138.9 | T97: 128.7 | U97: 137.4 | V97: 142.5 | W97: 126.5 | X97: 133.1 | Y97: 132.6 | Z97: 120.4 | AA97: 128.5 | AB97: 141.2 | AC97: 128.2 | AD97: 129.5 | AE97: 136.2
A98: Rural | B98: 2021 | C98: December | D98: December 2021 | E98: 147.4 | F98: 197 | G98: 176.5 | H98: 159.8 | I98: 195.8 | J98: 152 | K98: 172.3 | L98: 164.5 | M98: 120.6 | N98: 171.7 | O98: 169.7 | P98: 175.1 | Q98: 165.8 | R98: 190.8 | S98: 171.8 | T98: 167.3 | U98: 171.2 | V98: =VLOOKUP($D98,Notes!$B$2:$C$229,2,0) -> 163.4 | W98: 165.6 | X98: 163.9 | Y98: 174 | Z98: 160.1 | AA98: 164.5 | AB98: 169.7 | AC98: 162.8 | AD98: 166 | AE98: 167
A99: Urban | B99: 2020 | C99: June | D99: June 2020 | E99: 152.7 | F99: 197 | G99: 154.6 | H99: 153.4 | I99: 132.9 | J99: 151.8 | K99: 171.2 | L99: 152 | M99: 116.3 | N99: 158.8 | O99: 135.6 | P99: 161.7 | Q99: 157 | R99: 186.7 | S99: 149.1 | T99: 136.6 | U99: 147.2 | V99: 154.7 | W99: 137.1 | X99: 140.4 | Y99: 148.1 | Z99: 129.3 | AA99: 144.5 | AB99: 152.5 | AC99: 152.2 | AD99: 142 | AE99: 150.8
A100: Urban | B100: 2020 | C100: July | D100: July 2020 | E100: 152.7 | F100: 197 | G100: 154.6 | H100: 153.4 | I100: 132.9 | J100: 151.8 | K100: 171.2 | L100: 152 | M100: 116.3 | N100: 158.8 | O100: 135.6 | P100: 161.7 | Q100: 157 | R100: 186.7 | S100: 149.1 | T100: 136.6 | U100: 147.2 | V100: 154.7 | W100: 137.1 | X100: 140.4 | Y100: 148.1 | Z100: 129.3 | AA100: 144.5 | AB100: 152.5 | AC100: 152.2 | AD100: 142 | AE100: 150.8
A101: Rural+Urban | B101: 2018 | C101: July | D101: July 2018 | E101: 137.5 | F101: 149.1 | G101: 139.2 | H101: 142.5 | I101: 121.4 | J101: 151.6 | K101: 155.9 | L101: 121.7 | M101: 113.5 | N101: 138.9 | O101: 130.3 | P101: 152.3 | Q101: 141.4 | R101: 157.5 | S101: 146.8 | T101: 138.4 | U101: 145.6 | V101: 143.6 | W101: 139.7 | X101: 138.6 | Y101: 137 | Z101: 123.6 | AA101: 133.1 | AB101: 144.7 | AC101: 130.1 | AD101: 133.2 | AE101: 139.8
A102: Rural | B102: 2022 | C102: February | D102: February 2022 | E102: 148.8 | F102: 198.1 | G102: 175.5 | H102: 160.7 | I102: 192.6 | J102: 151.4 | K102: 155.2 | L102: 163.9 | M102: 118.1 | N102: 175.4 | O102: 170.5 | P102: 176.3 | Q102: 163.9 | R102: 191.5 | S102: 174.1 | T102: 171 | U102: 173.7 | V102: =VLOOKUP($D102,Notes!$B$2:$C$229,2,0) -> 165.5 | W102: 167.4 | X102: 165.7 | Y102: 175.3 | Z102: 161.2 | AA102: 165.5 | AB102: 170.3 | AC102: 164.5 | AD102: 167.3 | AE102: 166.7
A103: Urban | B103: 2018 | C103: May | D103: May 2018 | E103: 135 | F103: 148.2 | G103: 130.5 | H103: 140.7 | I103: 116.4 | J103: 151.3 | K103: 131.4 | L103: 112.8 | M103: 105.3 | N103: 139.6 | O103: 126.6 | P103: 148.7 | Q103: 136.4 | R103: 160.3 | S103: 138.6 | T103: 127.9 | U103: 137 | V103: 143.2 | W103: 124.7 | X103: 132.5 | Y103: 132 | Z103: 119.8 | AA103: 128 | AB103: 140.4 | AC103: 128.1 | AD103: 128.9 | AE103: 135.4
A104: Rural+Urban | B104: 2020 | C104: October | D104: October 2020 | E104: 147.5 | F104: 188.9 | G104: 161.4 | H104: 153.6 | I104: 140.1 | J104: 151.2 | K104: 209.2 | L104: 150.9 | M104: 116.2 | N104: 161 | O104: 144 | P104: 163.2 | Q104: 161.4 | R104: 184.3 | S104: 153.7 | T104: 144.6 | U104: 152.3 | V104: 156.5 | W104: 143.1 | X104: 148.7 | Y104: 156.3 | Z104: 140.6 | AA104: 146.5 | AB104: 158.5 | AC104: 157 | AD104: 150.4 | AE104: 156.4
A105: Rural | B105: 2022 | C105: January | D105: January 2022 | E105: 148.3 | F105: 196.9 | G105: 178 | H105: 160.5 | I105: 192.6 | J105: 151.2 | K105: 159.2 | L105: 164 | M105: 119.3 | N105: 173.3 | O105: 169.8 | P105: 175.8 | Q105: 164.1 | R105: 190.7 | S105: 173.2 | T105: 169.3 | U105: 172.7 | V105: =VLOOKUP($D105,Notes!$B$2:$C$229,2,0) -> 164.5 | W105: 165.8 | X105: 164.9 | Y105: 174.7 | Z105: 160.8 | AA105: 164.9 | AB105: 169.9 | AC105: 163.2 | AD105: 166.6 | AE105: 166.4
A106: Urban | B106: 2019 | C106: June | D106: June 2019 | E106: 140.7 | F106: 159.6 | G106: 140.4 | H106: 143.4 | I106: 118.6 | J106: 150.9 | K106: 169.8 | L106: 127.4 | M106: 111.8 | N106: 141 | O106: 129 | P106: 155.1 | Q106: 145.6 | R106: 166.7 | S106: 144.3 | T106: 131.7 | U106: 142.4 | V106: 149.4 | W106: 130.5 | X106: 137.4 | Y106: 140.3 | Z106: 119.6 | AA106: 134.3 | AB106: 148.9 | AC106: 133.7 | AD106: 133.6 | AE106: 142.1
...

Sheet Broad Categories
A1: Sector | B1: YearMonth | C1: Year | D1: Month | E1: Food and beverages | F1: Pan, tobacco and intoxicants | G1: Clothing and footwear | H1: Housing | I1: Miscellaneous | J1: General index
A2: Rural | B2: January 2013 | C2: 2013 | D2: January | E2: 1371.7 | F2: 105.1 | G2: 318.7 | H2: 310.6 | I2: 831 | J2: 105.1
A3: Urban | B3: January 2013 | C3: 2013 | D3: January | E3: 1376.4 | F3: 105.2 | G3: 316.7 | H3: 310.5 | I3: 829.3 | J3: 104
A4: Rural+Urban | B4: January 2013 | C4: 2013 | D4: January | E4: 1373.3 | F4: 105.1 | G4: 318 | H4: 310.6 | I4: 829.9 | J4: 104.6
A5: Rural | B5: February 2013 | C5: 2013 | D5: February | E5: 1380.4 | F5: 105.6 | G5: 320.4 | H5: 311.8 | I5: 833.9 | J5: 105.8
A6: Urban | B6: February 2013 | C6: 2013 | D6: February | E6: 1390.6 | F6: 106 | G6: 318.5 | H6: 311.3 | I6: 833.1 | J6: 104.7
A7: Rural+Urban | B7: February 2013 | C7: 2013 | D7: February | E7: 1384.2 | F7: 105.7 | G7: 319.7 | H7: 311.6 | I7: 833.5 | J7: 105.3
A8: Rural | B8: March 2013 | C8: 2013 | D8: March | E8: 1382.2 | F8: 106.5 | G8: 321.9 | H8: 312.1 | I8: 835.5 | J8: 106
A9: Urban | B9: March 2013 | C9: 2013 | D9: March | E9: 1386.8 | F9: 106.8 | G9: 320.2 | H9: 312.1 | I9: 836.1 | J9: 105
A10: Rural+Urban | B10: March 2013 | C10: 2013 | D10: March | E10: 1384 | F10: 106.6 | G10: 321.2 | H10: 312.1 | I10: 835.6 | J10: 105.5
A11: Rural | B11: April 2013 | C11: 2013 | D11: April | E11: 1385.8 | F11: 107.1 | G11: 323.5 | H11: 313.1 | I11: 836 | J11: 106.4
A12: Urban | B12: April 2013 | C12: 2013 | D12: April | E12: 1397.7 | F12: 108.5 | G12: 322 | H12: 313.4 | I12: 839.1 | J12: 105.7
A13: Rural+Urban | B13: April 2013 | C13: 2013 | D13: April | E13: 1390.2 | F13: 107.5 | G13: 322.9 | H13: 313.3 | I13: 837.2 | J13: 106.1
... A373: Rural+Urban | B373: May 2023 | C373: 2023 | D373: May | E373: 2306.9 | F373: 201 | G373: 553.2 | H373: 533.6 | I373: 1422.5 | J373: 179.1

Sheet EDA 1
B1: OBJECTIVE 1 | C1: identify which broad category in the CPI basket contributes the most to overall inflation for the latest month (May 2023).
B4: Sector | C4: YearMonth | D4: Food and beverages | E4: Pan, tobacco and intoxicants | F4: Clothing and footwear | G4: Housing | H4: Miscellaneous | I4: General index
B5: Rural | C5: May 2023 | D5: 2290.7 | E5: 199.9 | F5: 569.9 | G5: 537.9 | H5: 1444.1 | I5: 179.8
B6: Urban | C6: May 2023 | D6: 2335.1 | E6: 204.2 | F6: 528.7 | G6: 529.1 | H6: 1400.8 | I6: 178.2
B7: Rural+Urban | C7: May 2023 | D7: 2306.9 | E7: 201 | F7: 553.2 | G7: 533.6 | H7: 1422.5 | I7: 179.1
B10: CONTRIBUTION OF RURAL+URBAN IN MAY 2023
B11: Broad Categories | C11: Total index value | D11: % of contribution
B12: Food and beverages | C12: =AVERAGEIFS($D$7:$I$7,$D$4:$I$4,$B12) -> 2306.9 | D12: =C12/$C$17*100 -> 45.979829
B13: Pan, tobacco and intoxicants | C13: =AVERAGEIFS($D$7:$I$7,$D$4:$I$4,$B13) -> 201 | D13: =C13/$C$17*100 -> 4.0062186
B14: Clothing and footwear | C14: =AVERAGEIFS($D$7:$I$7,$D$4:$I$4,$B14) -> 553.2 | D14: =C14/$C$17*100 -> 11.02607
B15: Housing | C15: =AVERAGEIFS($D$7:$I$7,$D$4:$I$4,$B15) -> 533.6 | D15: =C15/$C$17*100 -> 10.635414
B16: Miscellaneous | C16: =AVERAGEIFS($D$7:$I$7,$D$4:$I$4,$B16) -> 1422.5 | D16: =C16/$C$17*100 -> 28.352468
B17: Total | C17: =SUM(C12:C16) -> 5017.2 | D17: =C17/C17*100 -> 100
E32: INSIGHTS
E33: 1.Food and beverages is the biggest contributor among all the other categories by contributing 42% more than the least contributed category.
E34: 2.Housing and clothing contributed equally during May 2023 which tells us that consumers spent equally on their lifestyle.
E35: 3.Tobacco and intoxicants contributed the least as not all the consumers consumes it but all the other category is consumed by all the consumers somehow.

Sheet EDA 2
B1: OBJECTIVE 2 | E1: To analyze the year-on-year (Y-o-Y) trend of CPI inflation (combining rural and urban data) from 2017 onwards.
B4: Rural+Urban General index | G4: Y-O-Y INFLATION
B5: Sector | C5: Year | D5: Month | E5: General index | G5: Year | H5: January | I5: December | J5: Inflation
B6: Rural+Urban | C6: 2013 | D6: January | E6: 104.6 | G6: 2017 | H6: =AVERAGEIFS($E$6:$E$129,$C$6:$C$129,$G6,$D$6:$D$129,H$5) -> 130.3 | I6: =AVERAGEIFS($E$6:$E$129,$C$6:$C$129,$G6,$D$6:$D$129,I$5) -> 137.2 | J6: =($I6-$H6)/$H6 -> 0.05295472
B7: Rural+Urban | C7: 2013 | D7: February | E7: 105.3 | G7: =G6+1 -> 2018 | H7: =AVERAGEIFS($E$6:$E$129,$C$6:$C$129,$G7,$D$6:$D$129,H$5) -> 136.9 | I7: =AVERAGEIFS($E$6:$E$129,$C$6:$C$129,$G7,$D$6:$D$129,I$5) -> 140.1 | J7: =($I7-$H7)/$H7 -> 0.023374726
B8: Rural+Urban | C8: 2013 | D8: March | E8: 105.5 | G8: =G7+1 -> 2019 | H8: =AVERAGEIFS($E$6:$E$129,$C$6:$C$129,$G8,$D$6:$D$129,H$5) -> 139.6 | I8: =AVERAGEIFS($E$6:$E$129,$C$6:$C$129,$G8,$D$6:$D$129,I$5) -> 150.4 | J8: =($I8-$H8)/$H8 -> 0.077363897
B9: Rural+Urban | C9: 2013 | D9: April | E9: 106.1 | G9: =G8+1 -> 2020 | H9: =AVERAGEIFS($E$6:$E$129,$C$6:$C$129,$G9,$D$6:$D$129,H$5) -> 150.2 | I9: =AVERAGEIFS($E$6:$E$129,$C$6:$C$129,$G9,$D$6:$D$129,I$5) -> 158.9 | J9: =($I9-$H9)/$H9 -> 0.05792277
B10: Rural+Urban | C10: 2013 | D10: May | E10: 106.9 | G10: =G9+1 -> 2021 | H10: =AVERAGEIFS($E$6:$E$129,$C$6:$C$129,$G10,$D$6:$D$129,H$5) -> 157.3 | I10: =AVERAGEIFS($E$6:$E$129,$C$6:$C$129,$G10,$D$6:$D$129,I$5) -> 166.2 | J10: =($I10-$H10)/$H10 -> 0.056579784
B11: Rural+Urban | C11: 2013 | D11: June | E11: 109.3 | G11: =G10+1 -> 2022 | H11: =AVERAGEIFS($E$6:$E$129,$C$6:$C$129,$G11,$D$6:$D$129,H$5) -> 165.7 | I11: =AVERAGEIFS($E$6:$E$129,$C$6:$C$129,$G11,$D$6:$D$129,I$5) -> 175.7 | J11: =($I11-$H11)/$H11 -> 0.06035003
B12: Rural+Urban | C12: 2013 | D12: July | E12: 111 | G12: =G11+1 -> 2023 | H12: =AVERAGEIFS($E$6:$E$129,$C$6:$C$129,$G12,$D$6:$D$129,H$5) -> 176.5 | J12: cant be calculated as we are not having the value of december 2023.
B13: Rural+Urban | C13: 2013 | D13: August | E13: 112.4
B14: Rural+Urban | C14: 2013 | D14: September | E14: 113.7
B15: Rural+Urban | C15: 2013 | D15: October | E15: 114.8
B16: Rural+Urban | C16: 2013 | D16: November | E16: 116.3
B17: Rural+Urban | C17: 2013 | D17: December | E17: 114.5
B18: Rural+Urban | C18: 2014 | D18: January | E18: 113.6
B19: Rural+Urban | C19: 2014 | D19: February | E19: 113.6
B20: Rural+Urban | C20: 2014 | D20: March | E20: 114.2
B21: Rural+Urban | C21: 2014 | D21: April | E21: 115.1
B22: Rural+Urban | C22: 2014 | D22: May | E22: 115.8
B23: Rural+Urban | C23: 2014 | D23: June | E23: 116.7
B24: Rural+Urban | C24: 2014 | D24: July | E24: 119.2
... B35: Rural+Urban | C35: 2015 | D35: June | E35: 123
B36: Rural+Urban | C36: 2015 | D36: July | E36: 123.6 | I36: INSIGHTS
B37: Rural+Urban | C37: 2015 | D37: August | E37: 124.8 | I37: Reasons for 2019 being the highest
B38: Rural+Urban | C38: 2015 | D38: September | E38: 125.4 | I38: 1.Due to floods in major producing states, the prices of fruits,vegetables and various goods increases.
B39: Rural+Urban | C39: 2015 | D39: October | E39: 126.1 | I39: 2.The main reason of this being the highest is just because of food inflation which accounted over 70% in the inflation rate.
B40: Rural+Urban | C40: 2015 | D40: November | E40: 126.6 | I40: 3.Another reason is increase in the prices of the crude oil.
B41: Rural+Urban | C41: 2015 | D41: December | E41: 126.1
B42: Rural+Urban | C42: 2016 | D42: January | E42: 126.3
B43: Rural+Urban | C43: 2016 | D43: February | E43: 126
B44: Rural+Urban | C44: 2016 | D44: March | E44: 126
B45: Rural+Urban | C45: 2016 | D45: April | E45: 127.3
B46: Rural+Urban | C46: 2016 | D46: May | E46: 128.6
B47: Rural+Urban | C47: 2016 | D47: June | E47: 130.1
B48: Rural+Urban | C48: 2016 | D48: July | E48: 131.1
B49: Rural+Urban | C49: 2016 | D49: August | E49: 131.1
B50: Rural+Urban | C50: 2016 | D50: September | E50: 130.9
B51: Rural+Urban | C51: 2016 | D51: October | E51: 131.4
B52: Rural+Urban | C52: 2016 | D52: November | E52: 131.2
... B129: Rural+Urban | C129: 2023 | D129: May | E129: 179.1

Sheet EDA 3
B1: OBJECTIVE 3 | D1: To analyze monthly trends(Highest and Lowest Month) and key contributors to food inflation in India for the month of June 2022 till May 2023.
B4: YearMonth | C4: Food and beverages | D4: M-O-M Inflation
B5: May 2022 | C5: 2238.9
B6: June 2022 | C6: 2261.9 | D6: =($C6-$C5)/$C5*100 -> 1.0272902
B7: July 2022 | C7: 2266.3 | D7: =($C7-$C6)/$C6*100 -> 0.19452673
B8: August 2022 | C8: 2269.2 | D8: =($C8-$C7)/$C7*100 -> 0.12796188
B9: September 2022 | C9: 2280.9 | D9: =($C9-$C8)/$C8*100 -> 0.51560021
B10: October 2022 | C10: 2297.3 | D10: =($C10-$C9)/$C9*100 -> 0.71901442
B11: November 2022 | C11: 2296.8 | D11: =($C11-$C10)/$C10*100 -> -0.02176468 | O11: INSIGHTS
B12: December 2022 | C12: 2283.4 | D12: =($C12-$C11)/$C11*100 -> -0.58342041 | O12: Prepared meals, snacks, sweets etc. had contributed the most in the food and beverages category
B13: January 2023 | C13: 2292.7 | D13: =($C13-$C12)/$C12*100 -> 0.40728738 | O13: June 2022 has the largest M-O-M inflation by having 1.027%
B14: February 2023 | C14: 2279.1 | D14: =($C14-$C13)/$C13*100 -> -0.59318707 | O14: February 2023 is having the least M-O-M by having -0.583
B15: March 2023 | C15: 2279.2 | D15: =($C15-$C14)/$C14*100 -> 0.0043876969
B16: April 2023 | C16: 2289.6 | D16: =($C16-$C15)/$C15*100 -> 0.45630046
B17: May 2023 | C17: 2306.9 | D17: =($C17-$C16)/$C16*100 -> 0.7555905
C26: Cereals and products | D26: Meat and fish | E26: Egg | F26: Milk and products | G26: Oils and fats | H26: Fruits | I26: Vegetables | J26: Pulses and products | K26: Sugar and Confectionery | L26: Spices | M26: Non-alcoholic beverages | N26: Prepared meals, snacks, sweets etc. | O26: Food and beverages
B27: SUM | C27: 12.08522 | D27: -1.0960038 | E27: 7.5858021 | F27: 8.5207275 | G27: -11.618753 | H27: 5.9318799 | I27: 6.5629058 | J27: 15.169684 | K27: 3.3958434 | L27: 6.6560215 | M27: 2.8797011 | N27: 42.753076 | O27: -1490.3233
B32: Year | C32: Month | D32: Cereals and products | E32: Meat and fish | F32: Egg | G32: Milk and products | H32: Oils and fats | I32: Fruits | J32: Vegetables | K32: Pulses and products | L32: Sugar and Confectionery | M32: Spices | N32: Non-alcoholic beverages | O32: Prepared meals, snacks, sweets etc. | P32: Food and beverages
B33: 2022 | C33: June | D33: 0.58403634 | E33: 1.1059908 | F33: 5.1724138 | G33: 0.54578532 | H33: -0.74110672 | I33: -0.76023392 | J33: 4.2309891 | K33: -0.24286582 | L33: 0.16708438 | M33: 1.1898323 | N33: 0.47875524 | O33: 0.76712329 | P33: 0.92325447
B34: 2022 | C34: July | D34: 0.96774194 | E34: -2.9170465 | F34: 2.5761124 | G34: 0.48250905 | H34: -0.10970927 | I34: 0 | J34: 0.083402836 | K34: 1.5499733 | L34: 0.29779631 | M34: 0.70690593 | N34: 0.057175529 | O34: 65.698925 | P34: -363.74962
B35: 2022 | C35: August | D35: 2.428115 | E35: -3.0516432 | F35: -3.4246575 | G35: 0.90036014 | H35: 2.5260846 | I35: 1.7650639 | J35: 0.75 | K35: 1.8947368 | L35: 0.23752969 | M35: 0.59395248 | N35: 0.74285714 | O35: 150.90522 | P35: 4.6141432
B36: 2022 | C36: September | D36: 1.996257 | E36: 1.3075061 | F36: 0.29550827 | G36: 0.9518144 | H36: 2.7316551 | I36: 1.1363636 | J36: 0.5789909 | K36: 1.911157 | L36: 0.35545024 | M36: 0.59044552 | N36: 0.85082246 | O36: -17.785731 | P36: -142.84597
B37: 2022 | C37: October | D37: 1.0397554 | E37: 0.8126195 | F37: 0.70713023 | G37: 0.70713023 | H37: 4.1188738 | I37: 0.41395624 | J37: 0.24671053 | K37: 1.3177902 | L37: 0.29515939 | M37: 0.48025614 | N37: 1.0123735 | O37: -47.914755 | P37: -37.849657
B38: 2022 | C38: November | D38: 1.3317191 | E38: -0.71123755 | F38: 6.1439438 | G38: 0.81919251 | H38: -8.3124687 | I38: 0.41224971 | J38: 0.16406891 | K38: 1.4507254 | L38: 0.29429076 | M38: 0.63728093 | N38: -0.72383073 | O38: 28.080046 | P38: -187.52406
B39: 2022 | C39: December | D39: 1.0752688 | E39: -0.19102197 | F39: 4.8511577 | G39: 0.75449797 | H39: -12.670672 | I39: 0.17595308 | J39: -0.24570025 | K39: 1.183432 | L39: 0.35211268 | M39: 0.42216359 | N39: -1.346046 | O39: -19.257087 | P39: -73.142311
B40: 2023 | C40: January | D40: 2.7186761 | E40: 0.81339713 | F40: 2.2607781 | G40: 0.57603687 | H40: -3.7523452 | I40: 0.058548009 | J40: -0.57471264 | K40: 1.5594542 | L40: 0.23391813 | M40: 0.47293747 | N40: 0.45480387 | O40: 152.83688 | P40: -525.8134
B41: 2023 | C41: February | D41: 0.3452244 | E41: -1.4238253 | F41: -9.9228792 | G41: 1.5463918 | H41: -0.7797271 | I41: 0.058513751 | J41: -0.90834021 | K41: 0.62380038 | L41: 0.52508751 | M41: 0.94142259 | N41: 0.16977929 | O41: -87.301746 | P41: -275.04676
B42: 2023 | C42: March | D42: 0 | E42: 0 | F42: 0 | G42: 0 | H42: 0.065487885 | I42: 0.058479532 | J42: 0 | K42: 0 | L42: 0 | M42: 0 | N42: 0 | O42: -100 | P42: -100
B43: 2023 | C43: April | D43: -0.3440367 | E43: 0.77034184 | F43: -3.196347 | G43: 0.62041737 | H43: 1.7015707 | I43: 1.3442431 | J43: 1.0833333 | K43: 1.5259895 | L43: 0.34822983 | M43: 0.25906736 | N43: 0.50847458
B44: 2023 | C44: May | D44: -0.057537399 | E44: 2.3889154 | F44: 2.1226415 | G44: 0.61659193 | H44: 3.6036036 | I44: 1.2687428 | J44: 1.1541632 | K44: 2.3954908 | L44: 0.2891845 | M44: 0.36175711 | N44: 0.67453626 | O44: -83.275796 | P44: 210.11108
C46: SUM | D46: =SUM(D33:D44) -> 12.08522 | E46: =SUM(E33:E44) -> -1.0960038 | F46: =SUM(F33:F44) -> 7.5858021 | G46: =SUM(G33:G44) -> 8.5207275 | H46: =SUM(H33:H44) -> -11.618753 | I46: =SUM(I33:I44) -> 5.9318799 | J46: =SUM(J33:J44) -> 6.5629058 | K46: =SUM(K33:K44) -> 15.169684 | ... P46: =SUM(P33:P44) -> -1490.3233
D51: FORMULA USED
D52: (current_month-previous_month)/previous_month*100

Sheet EDA 4
B1: OBJECTIVE 4 | E1: to examine how COVID-19 affected inflation in India, especially in essential services,healthcare and food, by comparing CPI trends before and after March 2020 and explaining the reasons for any major changes.
B4: PROBLEM 4 | C4: 24 months before march 2020 | H4: 24 months before march 2020
B5: Year | C5: Month | D5: INFLATION(FOOD) | E5: INFLATION(ESSENTIAL) | F5: INFLATION(HEALTH) | H5: Year | I5: Month | J5: INFLATION(FOOD) | K5: INFLATION(ESSENTIAL) | L5: INFLATION(HEALTH) | N5: Year | O5: Month | P5: INFLATION(FOOD) | Q5: INFLATION(ESSENTIAL) | R5: INFLATION(HEALTH)
B6: 2018 | C6: March | D6: -0.24994319 | E6: 0.36809816 | F6: 0.37369208 | H6: 2020 | I6: April | J6: 3.4953044 | K6: -0.95415537 | L6: -1.0505581 | N6: 2020 | O6: March | P6: -0.84745763 | Q6: 0.13568521 | R6: 0.39551747
B7: 2018 | C7: April | D7: 0.062642369 | E7: 0.64792176 | F7: 0.67014147 | H7: 2020 | I7: May | J7: 15.495884 | K7: 0.49307416 | L7: 1.2276045
B8: 2018 | C8: May | D8: 0.15366228 | E8: 0.47370339 | F8: 0.59171598 | H8: 2020 | I8: June | J8: -13.189517 | K8: 0.49065487 | L8: 1.2127171
B9: 2018 | C9: June | D9: 0.81259234 | E9: 0.36266925 | F9: 0.14705882 | H9: 2020 | I9: July | J9: 0 | K9: 0 | L9: 0
B10: 2018 | C10: July | D10: 1.1949721 | E10: 0.67453626 | F10: 0.58737151 | H10: 2020 | I10: August | J10: 1.4439699 | K10: 1.1063445 | L10: 0.38860104
B11: 2018 | C11: August | D11: 0.18938339 | E11: 0.65805217 | F11: 0.51094891 | H11: 2020 | I11: September | J11: 0.59141941 | K11: 0.15631979 | L11: 0.38709677
B12: 2018 | C12: September | D12: -1.0674376 | E12: 0.55865922 | F12: 0.50835149 | H12: 2020 | I12: October | J12: 2.0727454 | K12: 0.30100334 | L12: 0.44987147
B13: 2018 | C13: October | D13: -0.18544535 | E13: 1.0047281 | F13: 2.6734104 | H13: 2020 | I13: November | J13: 2.2942497 | K13: 0.32232967 | L13: 0.57581574
B14: 2018 | C14: November | D14: -0.028149983 | E14: -0.03510825 | F14: 0 | H14: 2020 | I14: December | J14: 0.64420691 | K14: 0.42100598 | L14: 0.69974555
B15: 2018 | C15: December | D15: -0.72647407 | E15: -0.15218918 | F15: 1.9704433 | H15: 2021 | I15: March | J15: -3.3047271 | K15: 2.537511 | L15: 2.1478206
B16: 2019 | C16: January | D16: -0.53324257 | E16: -0.25794349 | F16: 0.13802622 | H16: 2021 | I16: April | J16: 1.2111405 | K16: 0.38734668 | L16: 0.37105751
B17: 2019 | C17: February | D17: 0.21101859 | E17: 0.070530152 | F17: 0.34458994 | H17: 2021 | I17: May | J17: 2.0154062 | K17: 1.414791 | L17: 2.1565003
B18: 2019 | C18: March | D18: 0.33008935 | E18: 0.32890873 | F18: 0.41208791 | H18: 2021 | I18: June | J18: 1.3392221 | K18: 0.2113718 | L18: 0.30156815
... B28: 2020 | C28: February | D28: -1.4842301 | E28: 0.39732092 | F28: 0.33068783 | H28: 2022 | I28: April | J28: 4.3494186 | K28: 6.4222963 | L28: 6.5895954
G31: MARCH 2020
B56: INSIGHTS
B57: Inflation on food items increases more after march 2020 as COVID pandemic affects food category the most as the inflation rate on food items was less before march 2020.
B58: Inflation on essential items and healthcare system was less after march 2020 as due to pandemic the price of healthcare and essential items as government was giving subsidies to all its citizens
B59: After may 2020 the inflation rate instantly decreases and became lowest in june 2020 and after that start increasing gradually
B60: Before march 2020, the maximun inflation was for the healthcare sector in the month of october 2018.
B61: Before march 2020, the inflation rate on essentials was moderate neither too high nor low
B62: After march 2020 both the sectors was having slight changes.

Sheet Problem 4
A1: Sector | B1: Year | C1: Month | D1: Cereals and products | E1: Meat and fish | F1: Egg | G1: Milk and products | H1: Oils and fats | I1: Fruits | J1: Vegetables | K1: Pulses and products | L1: Sugar and Confectionery | M1: Spices | N1: Non-alcoholic beverages | O1: Prepared meals, snacks, sweets etc. | P1: Food and beverages | Q1: FOOD | R1: Clothing and footwear | S1: Housing | T1: Fuel and light | U1: Household goods and services | V1: Transport and communication | W1: Education | X1: ESSENTIAL SERVICES | Y1: HEALTH
A2: Rural+Urban | B2: 2018 | C2: March | D2: 136.2 | E2: 143.6 | F2: 138.3 | G2: 141.2 | H2: 120.7 | I2: 146.2 | J2: 134.6 | K2: 124.6 | L2: 116.1 | M2: 137.8 | N2: 129.1 | O2: 150.4 | P2: 137.2 | Q2: =SUM($D2:$P2) -> 1756 | R2: 143.1 | S2: 142 | T2: 136.5 | U2: 135.6 | V2: 121 | W2: 139.8 | X2: =SUM($R2:$W2) -> 818 | Y2: 134.3
A3: Rural+Urban | B3: 2018 | C3: April | D3: 136.4 | E3: 144.4 | F3: 133.9 | G3: 141.6 | H3: 121 | I3: 153.5 | J3: 132.6 | K3: 123.5 | L3: 113.7 | M3: 138.2 | N3: 129.6 | O3: 151.2 | P3: 137.5 | Q3: 1757.1 | R3: 144 | S3: 142.9 | T3: 136.5 | U3: 136.6 | V3: 121.9 | W3: 141.4 | X3: 823.3 | Y3: 135.2
A4: Rural+Urban | B4: 2018 | C4: May | D4: 136.6 | E4: 146.6 | F4: 133.6 | G4: 142.1 | H4: 121 | I4: 154.6 | J4: 135.6 | K4: 122.3 | L4: 109.6 | M4: 138.1 | N4: 129.9 | O4: 151.7 | P4: 138.1 | Q4: 1759.8 | R4: 144.7 | S4: 143.2 | T4: 136.9 | U4: 137.4 | V4: 122.9 | W4: 142.1 | X4: 827.2 | Y4: 136
A5: Rural+Urban | B5: 2018 | C5: June | D5: 136.9 | E5: 148.7 | F5: 135.6 | G5: 142.3 | H5: 121.3 | I5: 153.2 | J5: 143.7 | K5: 121.4 | L5: 111.1 | M5: 138.4 | N5: 130.3 | O5: 151.8 | P5: 139.4 | Q5: 1774.1 | R5: 145.2 | S5: 142.5 | T5: 138.1 | U5: 137.9 | V5: 123.7 | W5: 142.8 | X5: 830.2 | Y5: 136.2
A6: Rural+Urban | B6: 2018 | C6: July | D6: 137.5 | E6: 149.1 | F6: 139.2 | G6: 142.5 | H6: 121.4 | I6: 151.6 | J6: 155.9 | K6: 121.7 | L6: 113.5 | M6: 138.9 | N6: 130.3 | O6: 152.3 | P6: 141.4 | Q6: 1795.3 | R6: 145.6 | S6: 143.6 | T6: 139.7 | U6: 138.6 | V6: 123.6 | W6: 144.7 | X6: 835.8 | Y6: 137
A7: Rural+Urban | B7: 2018 | C7: August | D7: 138.3 | E7: 148 | F7: 138.1 | G7: 142.6 | H7: 122.2 | I7: 150.6 | J7: 156.6 | K7: 122.4 | L7: 114.7 | M7: 139.4 | N7: 131.1 | O7: 153 | P7: 141.7 | Q7: 1798.7 | R7: 146.1 | S7: 144.6 | T7: 140.9 | U7: 139.4 | V7: 124.3 | W7: 146 | X7: 841.3 | Y7: 137.7
A8: Rural+Urban | B8: 2018 | C8: September | D8: 138.6 | E8: 145.8 | F8: 135.1 | G8: 142.9 | H8: 122.1 | I8: 145.4 | J8: 150 | K8: 121.4 | L8: 113.7 | M8: 139.5 | N8: 130.8 | O8: 153.8 | P8: 140.4 | Q8: 1779.5 | R8: 146.5 | S8: 145.3 | T8: 142.3 | U8: 139.7 | V8: 126 | W8: 146.2 | X8: 846 | Y8: 138.4
A9: Rural+Urban | B9: 2018 | C9: October | D9: 137.4 | E9: 149.5 | F9: 137.3 | G9: 141.9 | H9: 121.1 | I9: 142.5 | J9: 146.7 | K9: 119.1 | L9: 111.9 | M9: 141 | N9: 133.6 | O9: 154.5 | P9: 139.7 | Q9: 1776.2 | R9: 146.8 | S9: 146.9 | T9: 145.3 | U9: 142.2 | V9: 125.5 | W9: 147.8 | X9: 854.5 | Y9: 142.1
A10: Rural+Urban | B10: 2018 | C10: November | D10: 137.4 | E10: 149.2 | F10: 137.1 | G10: 141.8 | H10: 121.1 | I10: 142.8 | J10: 146.7 | K10: 119.1 | L10: 111.9 | M10: 140.9 | N10: 133.5 | O10: 154.5 | P10: 139.7 | Q10: 1775.7 | R10: 146.7 | S10: 146.9 | T10: 145.1 | U10: 142.2 | V10: 125.5 | W10: 147.8 | X10: 854.2 | Y10: 142.1
A11: Rural+Urban | B11: 2018 | C11: December | D11: 137.5 | E11: 150.5 | F11: 138.8 | G11: 142.1 | H11: 122 | I11: 139.4 | J11: 135.2 | K11: 119.8 | L11: 110.3 | M11: 140.6 | N11: 133.8 | O11: 154.6 | P11: 138.2 | Q11: 1762.8 | R11: 146.8 | S11: 146.5 | T11: 142.7 | U11: 143.2 | V11: 123.6 | W11: 150.1 | X11: 852.9 | Y11: 144.9
A12: Rural+Urban | B12: 2019 | C12: January | D12: 137.1 | E12: 151.4 | F12: 140.2 | G12: 142.1 | H12: 121.8 | I12: 135.4 | J12: 131.3 | K12: 120.3 | L12: 109.1 | M12: 139.4 | N12: 133.3 | O12: 154.6 | P12: 137.4 | Q12: 1753.4 | R12: 146.4 | S12: 147.7 | T12: 139.5 | U12: 143.6 | V12: 123.3 | W12: 150.2 | X12: 850.7 | Y12: 145.1
A13: Rural+Urban | B13: 2019 | C13: February | D13: 137.6 | E13: 152 | F13: 141.5 | G13: 142.2 | H13: 122 | I13: 136.4 | J13: 129.7 | K13: 121 | L13: 109 | M13: 139.7 | N13: 133.6 | O13: 154.9 | P13: 137.5 | Q13: 1757.1 | R13: 146.5 | S13: 148.5 | T13: 138.4 | U13: 143.7 | V13: 123.9 | W13: 150.3 | X13: 851.3 | Y13: 145.6
A14: Rural+Urban | B14: 2019 | C14: March | D14: 137.8 | E14: 153 | F14: 140.3 | G14: 142.3 | H14: 122 | I14: 137.6 | J14: 132.6 | K14: 121.8 | L14: 109 | M14: 139.5 | N14: 133.7 | O14: 155.2 | P14: 138.1 | Q14: 1762.9 | R14: 146.7 | S14: 149 | T14: 139.7 | U14: 143.8 | V14: 124.6 | W14: 150.3 | X14: 854.1 | Y14: 146.2
... A24: Rural+Urban | B24: 2020 | C24: February | D24: 144.8 | E24: 167.5 | F24: 151.8 | G24: 150.8 | H24: 131.4 | I24: 141.8 | J24: 170.7 | K24: 141.1 | L24: 113.6 | M24: 152 | N24: 136.5 | O24: 159.1 | P24: 150.5 | Q24: 1911.6 | R24: 149.5 | S24: 154.8 | T24: 147.2 | U24: 146.4 | V24: 130.3 | W24: 156.2 | X24: 884.4 | Y24: 151.7
B28: after Mar 2020
A29: Sector | B29: Year | C29: Month | D29: Cereals and products | E29: Meat and fish | F29: Egg | G29: Milk and products | H29: Oils and fats | I29: Fruits | J29: Vegetables | K29: Pulses and products | L29: Sugar and Confectionery | M29: Spices | N29: Non-alcoholic beverages | O29: Prepared meals, snacks, sweets etc. | P29: Food and beverages | Q29: FOOD | R29: Clothing and footwear | S29: Housing | T29: Fuel and light | U29: Household goods and services | V29: Transport and communication | W29: Education | X29: ESSENTIAL SERVICES | Y29: HEALTH
A30: Rural+Urban | B30: 2020 | C30: March | D30: 145.1 | E30: 167 | F30: 148.1 | G30: 151.5 | H30: 131.2 | I30: 142.5 | J30: 157.3 | K30: 141.1 | L30: 113.2 | M30: 153.2 | N30: 136.7 | O30: 159.6 | P30: 148.9 | Q30: =SUM(D30:P30) -> 1895.4 | R30: 149.8 | S30: 154.5 | T30: 148.9 | U30: 146.4 | V30: 129.9 | W30: 156.1 | X30: =SUM(R30:W30) -> 885.6 | Y30: 152.3
A31: Rural+Urban | B31: 2020 | C31: April | D31: 148.7 | E31: 178.55 | F31: 148.8 | G31: 155.6 | H31: 135.1 | I31: 149.9 | J31: 168.6 | K31: 150.4 | L31: 120.3 | M31: 157.1 | N31: 136.8 | O31: 160.4 | P31: 151.4 | Q31: =SUM(D31:P31) -> 1961.65 | R31: 146.4 | S31: 155.6 | T31: 144.1 | U31: 151.6 | V31: 126.95 | W31: 152.5 | X31: =SUM(R31:W31) -> 877.15 | Y31: 150.7
A32: Rural+Urban | B32: 2020 | C32: May | D32: 149.15 | E32: 185.625 | F32: 451.5 | G32: 154.45 | H32: 135.7 | I32: 148.55 | J32: 162.55 | K32: 150.65 | L32: 117.25 | M32: 158.3 | N32: 138.1 | O32: 161.1 | P32: 152.7 | Q32: =SUM(D32:P32) -> 2265.625 | R32: 148.9 | S32: 155.15 | T32: 143 | U32: 149 | V32: 130.975 | W32: 154.45 | X32: =SUM(R32:W32) -> 881.475 | Y32: 152.55
A33: Rural+Urban | B33: 2020 | C33: June | D33: 149.6 | E33: 192.7 | F33: 151.4 | G33: 153.3 | H33: 136.3 | I33: 147.2 | J33: 156.5 | K33: 150.9 | L33: 114.2 | M33: 159.5 | N33: 139.4 | O33: 161.8 | P33: 154 | Q33: =SUM(D33:P33) -> 1966.8 | R33: 151.4 | S33: 154.7 | T33: 141.9 | U33: 146.4 | V33: 135 | W33: 156.4 | X33: =SUM(R33:W33) -> 885.8 | Y33: 154.4
A34: Rural+Urban | B34: 2020 | C34: July | D34: 149.6 | E34: 192.7 | F34: 151.4 | G34: 153.3 | H34: 136.3 | I34: 147.2 | J34: 156.5 | K34: 150.9 | L34: 114.2 | M34: 159.5 | N34: 139.4 | O34: 161.8 | P34: 154 | Q34: =SUM(D34:P34) -> 1966.8 | R34: 151.4 | S34: 154.7 | T34: 141.9 | U34: 146.4 | V34: 135 | W34: 156.4 | X34: =SUM(R34:W34) -> 885.8 | Y34: 154.4
A35: Rural+Urban | B35: 2020 | C35: August | D35: 148.9 | E35: 190.9 | F35: 150.8 | G35: 153.3 | H35: 137.4 | I35: 150.4 | J35: 178.1 | K35: 150.4 | L35: 115.1 | M35: 160 | N35: 140.6 | O35: 162.3 | P35: 157 | Q35: =SUM(D35:P35) -> 1995.2 | R35: 151.7 | S35: 155.5 | T35: 143 | U35: 148.4 | V35: 138.5 | W35: 158.5 | X35: =SUM(R35:W35) -> 895.6 | Y35: 155
A36: Rural+Urban | B36: 2020 | C36: September | D36: 148.4 | E36: 187.1 | F36: 152.5 | G36: 153.6 | H36: 138.2 | I36: 150.9 | J36: 186.7 | K36: 149.8 | L36: 116.4 | M36: 160.3 | N36: 142.2 | O36: 162.9 | P36: 158 | Q36: =SUM(D36:P36) -> 2007 | R36: 152 | S36: 156.3 | T36: 142.9 | U36: 148.7 | V36: 139.6 | W36: 157.5 | X36: =SUM(R36:W36) -> 897 | Y36: 155.6
A37: Rural+Urban | B37: 2020 | C37: October | D37: 147.5 | E37: 188.9 | F37: 161.4 | G37: 153.6 | H37: 140.1 | I37: 151.2 | J37: 209.2 | K37: 150.9 | L37: 116.2 | M37: 161 | N37: 144 | O37: 163.2 | P37: 161.4 | Q37: =SUM(D37:P37) -> 2048.6 | R37: 152.3 | S37: 156.5 | T37: 143.1 | U37: 148.7 | V37: 140.6 | W37: 158.5 | X37: =SUM(R37:W37) -> 899.7 | Y37: 156.3
A38: Rural+Urban | B38: 2020 | C38: November | D38: 146.8 | E38: 191 | F38: 173.6 | G38: 153.8 | H38: 142.7 | I38: 148.4 | J38: 230 | K38: 156.8 | L38: 115.7 | M38: 161.8 | N38: 146.5 | O38: 163.8 | P38: 164.7 | Q38: =SUM(D38:P38) -> 2095.6 | R38: 152.8 | S38: 158 | T38: 143.6 | U38: 149.2 | V38: 140.4 | W38: 158.6 | X38: =SUM(R38:W38) -> 902.6 | Y38: 157.2
A39: Rural+Urban | B39: 2020 | C39: December | D39: 146 | E39: 191 | F39: 175.3 | G39: 154.1 | H39: 146.6 | I39: 147.7 | J39: 230.5 | K39: 160.2 | L39: 115.3 | M39: 163 | N39: 149.2 | O39: 164.8 | P39: 165.4 | Q39: =SUM(D39:P39) -> 2109.1 | R39: 153.6 | S39: 158.4 | T39: 144.6 | U39: 149.7 | V39: 140.7 | W39: 159.4 | X39: =SUM(R39:W39) -> 906.4 | Y39: 158.3
A40: Rural+Urban | B40: 2021 | C40: March | D40: 144.1 | E40: 192.2 | F40: 163.8 | G40: 154.9 | H40: 163.9 | I40: 153.7 | J40: 149.5 | K40: 159.8 | L40: 112.6 | M40: 163.5 | N40: 156.5 | O40: 168.2 | P40: 156.7 | Q40: =SUM(D40:P40) -> 2039.4 | R40: 156.4 | S40: 159.9 | T40: 155.5 | U40: 151.2 | V40: 146.2 | W40: 160.2 | X40: =SUM(R40:W40) -> 929.4 | Y40: 161.7
A41: Rural+Urban | B41: 2021 | C41: April | D41: 144.3 | E41: 198 | F41: 164.6 | G41: 155.4 | H41: 170.1 | I41: 164.4 | J41: 144.1 | K41: 161.7 | L41: 113.1 | M41: 163.9 | N41: 157.6 | O41: 168.9 | P41: 158 | Q41: =SUM(D41:P41) -> 2064.1 | R41: 157.3 | S41: 161.4 | T41: 155.6 | U41: 151.8 | V41: 146.6 | W41: 160.3 | X41: =SUM(R41:W41) -> 933 | Y41: 162.3
... A52: Rural+Urban | B52: 2022 | C52: March | D52: 151.3 | E52: 210.7 | F52: 167.8 | G52: 162.2 | H52: 194.6 | I52: 157.6 | J52: 166.9 | K52: 163.9 | L52: 118.8 | M52: 177.4 | N52: 165.3 | O52: 179.3 | P52: 168.4 | Q52: =SUM(D52:P52) -> 2184.2 | R52: 171.1 | S52: 165.3 | T52: 167.2 | U52: 162.8 | V52: 157.9 | W52: 166 | X52: =SUM(R52:W52) -> 990.3 | Y52: 173

Sheet EDA 5
B1: OBJECTIVE 5 | E1: To assess how fluctuations in imported crude oil prices from 2021 to 2023 have impacted India’s inflation rates and identify which CPI categories are most affected by these global price changes.
B4: IMPORT | C4: YEAR | D4: CRUDE OIL | E4: Food and beverages | F4: Pan, tobacco and intoxicants | G4: Clothing and footwear | H4: Housing | I4: Miscellaneous
B5: APRIL | C5: 2021 | E5: 1.2111405 | F5: 0.37214248 | G5: 0.54100844 | H5: 0.47149593 | I5: 0.36794113
B6: MAY | C6: 2021 | D6: -3.9632523 | E6: 2.0154062 | F6: 1.6419492 | G6: 2.0878175 | H6: 1.471843 | I6: 1.5380937
B7: JUNE | C7: 2021 | D7: 0.44887138 | E7: 1.3392221 | F7: -0.57321522 | G7: 0.084334809 | H7: -0.12612991 | I7: 0.30609842
B8: JULY | C8: 2021 | D8: -2.6400221 | E8: 0.61389943 | F8: 0.20964361 | G8: 0.54771435 | H8: 0.61039781 | I8: 0.77464789 | K8: CRUDE OIL | L8: CORRELATION
B9: AUGUST | C9: 2021 | D9: 13.201453 | E9: -0.23288309 | F9: 0.4707113 | G9: 1.1942175 | H9: 0.87866109 | I9: 0.62893082 | K9: Food and beverages | L9: 0.15548138
B10: SEPTEMBER | C10: 2021 | D10: 2.6730036 | E10: 0 | F10: 0 | G10: 0.041407867 | H10: 0 | I10: -0.0077160494 | K10: Pan, tobacco and intoxicants | L10: -0.10505199
B11: OCTOBER | C11: 2021 | D11: 4.2603473 | E11: 1.5639589 | F11: 0.31233732 | G11: 0.64155629 | H11: 0.82953131 | I11: 0.47843198 | K11: Clothing and footwear | L11: 0.10244836
B12: NOVEMBER | C12: 2021 | D12: 9.6527226 | E12: 0.85497587 | F12: 0.10378827 | G12: 0.84310097 | H12: 0.24681201 | I12: 0.34559558 | K12: Housing | L12: 0.16590362
B13: DECEMBER | C13: 2021 | D13: 3.4954746 | E13: -0.60161342 | F13: -0.25920166 | G13: 0.77487765 | H13: 0.061551087 | I13: 0.32909842 | K13: Miscellaneous | L13: 0.036218706
B14: JANUARY | C14: 2022 | D14: 6.0184724 | E14: -0.76573892 | F14: -0.1039501 | G14: 0.99150142 | H14: 0.43059258 | I14: 0.35853231
B15: FEBRUARY | C15: 2022 | D15: 0.86385887 | E15: -0.13861935 | F15: 0.31217482 | G15: 0.7413344 | H15: 0.65332789 | I15: 0.49407115
B16: MARCH | C16: 2022 | D16: 29.491115 | E16: 1.0642236 | F16: 0.46680498 | G16: 0.99443119 | H16: 0.46653144 | I16: 0.67317147
B17: APRIL | C17: 2022 | D17: 13.751971 | E17: 1.3780789 | F17: 0.10325245 | G17: 1.0634108 | H17: 1.5949929 | I17: 1.0067618
B18: MAY | C18: 2022 | D18: -7.1168007 | E18: 1.1109606 | F18: 0.10314595 | G18: 1.0522214 | H18: 0.81478537 | I18: 0.37191312
B19: JUNE | C19: 2022 | D19: 1.8924595 | E19: 1.0272902 | F19: 0.10303967 | G19: 0.8484381 | H19: 0.37453184 | I19: 0.23714243
B20: JULY | C20: 2022 | D20: 5.6258884 | E20: 0.19452673 | F20: 0.15440041 | G20: 0.7456979 | H20: 1.0997643 | I20: 0.62102617
B21: AUGUST | C21: 2022 | D21: -18.786114 | E21: 0.12796188 | F21: 0.20554985 | G21: 0.72119947 | H21: 0.29137529 | I21: 0.46289493
B22: SEPTEMBER | C22: 2022 | D22: -8.998581 | E22: 0.51560021 | F22: 0.46153846 | G22: 0.82909365 | H22: 0.42610885 | I22: 0.3656842
B23: OCTOBER | C23: 2022 | D23: 4.2420553 | E23: 0.71901442 | F23: 0.20418581 | G23: 0.57933097 | H23: 0.69431051 | I23: 0.40807404
B24: NOVEMBER | C24: 2022 | D24: 1.0730181 | E24: -0.02176468 | F24: 0.30565461 | G24: 0.59457451 | H24: 0.45968205 | I24: 0.3846433
B25: DECEMBER | C25: 2022 | D25: -5.9900221 | E25: -0.58342041 | F25: 0.20314881 | G25: 0.48023642 | H25: 0.057197331 | I25: 0.52776171
... B28: MARCH | C28: 2023 | D28: 4.4467332 | E28: 0.0043876969 | F28: 0 | G28: -0.018181818 | H28: -0.037750094 | I28: 0
B29: CORRELATION | E29: =CORREL($D$5:$D$28,E$5:E$28) -> 0.15548138 | F29: =CORREL($D$5:$D$28,F$5:F$28) -> -0.10505199 | G29: =CORREL($D$5:$D$28,G$5:G$28) -> 0.10244836 | H29: =CORREL($D$5:$D$28,H$5:H$28) -> 0.16590362 | I29: =CORREL($D$5:$D$28,I$5:I$28) -> 0.036218706
B31: CRUDE OIL | E31: Food and beverages | F31: Pan, tobacco and intoxicants | G31: Clothing and footwear | H31: Housing | I31: Miscellaneous
B32: CORRELATION | E32: =CORREL($D$5:$D$28,E$5:E$28) -> 0.15548138 | F32: =CORREL($D$5:$D$28,F$5:F$28) -> -0.10505199 | G32: =CORREL($D$5:$D$28,G$5:G$28) -> 0.10244836 | H32: =CORREL($D$5:$D$28,H$5:H$28) -> 0.16590362 | I32: =CORREL($D$5:$D$28,I$5:I$28) -> 0.036218706
N35: INSIGHTS
N36: Housing has the highest correlation with crude oil price on monthly basis which is also weak so there would slight changes with the change of price in crude oil.
N37: Food, Clothing and Miscellaneous category also have positive correlation but it is also weak correlation so it would affect them slightly.
N38: Pan, tobacco and intoxicants has the lowest negative correlation which is also weak so we can't say that if the prices of crude oil increases, CPI of pan and tobacco would decrease.
N39: Crude oil is not directly responsible for the inflation in these categories as the correlation is weak in nature.

Sheet Problem 5 Raw Data
A1: IMPORT/EXPORT | B1: YEAR | C1: CRUDE OIL
A2: APRIL | B2: 2021 | C2: 63309.499
A3: MAY | B3: 2021 | C3: 60800.383
A4: JUNE | B4: 2021 | C4: 61073.299
A5: JULY | B5: 2021 | C5: 59460.95
A6: AUGUST | B6: 2021 | C6: 67310.66
A7: SEPTEMBER | B7: 2021 | C7: 69109.876
A8: OCTOBER | B8: 2021 | C8: 72054.197
A9: NOVEMBER | B9: 2021 | C9: 79009.389
A10: DECEMBER | B10: 2021 | C10: 81771.142
A11: JANUARY | B11: 2022 | C11: 86692.515
A12: FEBRUARY | B12: 2022 | C12: 87441.416
A13: MARCH | B13: 2022 | C13: 113228.87
... A25: MARCH | B25: 2023 | C25: 89613.479

Sheet Problem 5
A1: MONTH | B1: YEAR | C1: Food and beverages | D1: Inflation(Food) | E1: Pan, tobacco and intoxicants | F1: Inflation(Tobacco) | G1: Clothing and footwear | H1: Inflation(clothing) | I1: Housing | J1: Inflation(Housing) | K1: Miscellaneous | L1: Inflation(Miscellaneous)
A2: MARCH | B2: 2021 | C2: 2039.4 | E2: 188.1 | G2: 462.1 | I2: 466.6 | K2: 1250.2
A3: APRIL | B3: 2021 | C3: 2064.1 | D3: =($C3-$C2)/$C2*100 -> 1.2111405 | E3: 188.8 | F3: =($E3-$E2)/$E2*100 -> 0.37214248 | G3: 464.6 | H3: =($G3-$G2)/$G2*100 -> 0.54100844 | I3: 468.8 | J3: =($I3-$I2)/$I2*100 -> 0.47149593 | K3: 1254.8 | L3: =($K3-$K2)/$K2*100 -> 0.36794113
A4: MAY | B4: 2021 | C4: 2105.7 | D4: =($C4-$C3)/$C3*100 -> 2.0154062 | E4: 191.9 | F4: =($E4-$E3)/$E3*100 -> 1.6419492 | G4: 474.3 | H4: =($G4-$G3)/$G3*100 -> 2.0878175 | I4: 475.7 | J4: =($I4-$I3)/$I3*100 -> 1.471843 | K4: 1274.1 | L4: =($K4-$K3)/$K3*100 -> 1.5380937
A5: JUNE | B5: 2021 | C5: 2133.9 | D5: =($C5-$C4)/$C4*100 -> 1.3392221 | E5: 190.8 | F5: =($E5-$E4)/$E4*100 -> -0.57321522 | G5: 474.7 | H5: =($G5-$G4)/$G4*100 -> 0.084334809 | I5: 475.1 | J5: =($I5-$I4)/$I4*100 -> -0.12612991 | K5: 1278 | L5: =($K5-$K4)/$K4*100 -> 0.30609842
A6: JULY | B6: 2021 | C6: 2147 | D6: =($C6-$C5)/$C5*100 -> 0.61389943 | E6: 191.2 | F6: =($E6-$E5)/$E5*100 -> 0.20964361 | G6: 477.3 | H6: =($G6-$G5)/$G5*100 -> 0.54771435 | I6: 478 | J6: =($I6-$I5)/$I5*100 -> 0.61039781 | K6: 1287.9 | L6: =($K6-$K5)/$K5*100 -> 0.77464789
A7: AUGUST | B7: 2021 | C7: 2142 | D7: =($C7-$C6)/$C6*100 -> -0.23288309 | E7: 192.1 | F7: =($E7-$E6)/$E6*100 -> 0.4707113 | G7: 483 | H7: =($G7-$G6)/$G6*100 -> 1.1942175 | I7: 482.2 | J7: =($I7-$I6)/$I6*100 -> 0.87866109 | K7: 1296 | L7: =($K7-$K6)/$K6*100 -> 0.62893082
A8: SEPTEMBER | B8: 2021 | C8: 2142 | D8: =($C8-$C7)/$C7*100 -> 0 | E8: 192.1 | F8: =($E8-$E7)/$E7*100 -> 0 | G8: 483.2 | H8: =($G8-$G7)/$G7*100 -> 0.041407867 | I8: 482.2 | J8: =($I8-$I7)/$I7*100 -> 0 | K8: 1295.9 | L8: =($K8-$K7)/$K7*100 -> -0.0077160494
A9: OCTOBER | B9: 2021 | C9: 2175.5 | D9: =($C9-$C8)/$C8*100 -> 1.5639589 | E9: 192.7 | F9: =($E9-$E8)/$E8*100 -> 0.31233732 | G9: 486.3 | H9: =($G9-$G8)/$G8*100 -> 0.64155629 | I9: 486.2 | J9: =($I9-$I8)/$I8*100 -> 0.82953131 | K9: 1302.1 | L9: =($K9-$K8)/$K8*100 -> 0.47843198
A10: NOVEMBER | B10: 2021 | C10: 2194.1 | D10: =($C10-$C9)/$C9*100 -> 0.85497587 | E10: 192.9 | F10: =($E10-$E9)/$E9*100 -> 0.10378827 | G10: 490.4 | H10: =($G10-$G9)/$G9*100 -> 0.84310097 | I10: 487.4 | J10: =($I10-$I9)/$I9*100 -> 0.24681201 | K10: 1306.6 | L10: =($K10-$K9)/$K9*100 -> 0.34559558
A11: DECEMBER | B11: 2021 | C11: 2180.9 | D11: =($C11-$C10)/$C10*100 -> -0.60161342 | E11: 192.4 | F11: =($E11-$E10)/$E10*100 -> -0.25920166 | G11: 494.2 | H11: =($G11-$G10)/$G10*100 -> 0.77487765 | I11: 487.7 | J11: =($I11-$I10)/$I10*100 -> 0.061551087 | K11: 1310.9 | L11: =($K11-$K10)/$K10*100 -> 0.32909842
A12: JANUARY | B12: 2022 | C12: 2164.2 | D12: =($C12-$C11)/$C11*100 -> -0.76573892 | E12: 192.2 | F12: =($E12-$E11)/$E11*100 -> -0.1039501 | G12: 499.1 | H12: =($G12-$G11)/$G11*100 -> 0.99150142 | I12: 489.8 | J12: =($I12-$I11)/$I11*100 -> 0.43059258 | K12: 1315.6 | L12: =($K12-$K11)/$K11*100 -> 0.35853231
A13: FEBRUARY | B13: 2022 | C13: 2161.2 | D13: =($C13-$C12)/$C12*100 -> -0.13861935 | E13: 192.8 | F13: =($E13-$E12)/$E12*100 -> 0.31217482 | G13: 502.8 | H13: =($G13-$G12)/$G12*100 -> 0.7413344 | I13: 493 | J13: =($I13-$I12)/$I12*100 -> 0.65332789 | K13: 1322.1 | L13: =($K13-$K12)/$K12*100 -> 0.49407115
A14: MARCH | B14: 2022 | C14: 2184.2 | D14: =($C14-$C13)/$C13*100 -> 1.0642236 | E14: 193.7 | F14: =($E14-$E13)/$E13*100 -> 0.46680498 | G14: 507.8 | H14: =($G14-$G13)/$G13*100 -> 0.99443119 | I14: 495.3 | J14: =($I14-$I13)/$I13*100 -> 0.46653144 | K14: 1331 | L14: =($K14-$K13)/$K13*100 -> 0.67317147
... A26: MARCH | B26: 2023 | C26: 2279.2 | D26: =($C26-$C25)/$C25*100 -> 0.0043876969 | E26: 199.5 | F26: =($E26-$E25)/$E25*100 -> 0 | G26: 549.9 | H26: =($G26-$G25)/$G25*100 -> -0.018181818 | I26: 529.6 | J26: =($I26-$I25)/$I25*100 -> -0.037750094 | K26: 1408.4 | L26: =($K26-$K25)/$K25*100 -> 0
A28: M-O-M INFLATION RATE
A29: IMPORT | B29: YEAR | C29: Food and beverages | D29: Pan, tobacco and intoxicants | E29: Clothing and footwear | F29: Housing | G29: Miscellaneous | H29: CRUDE OIL | I29: M-O-M Changes
A30: APRIL | B30: 2021 | C30: 1.2111405 | D30: 0.37214248 | E30: 0.54100844 | F30: 0.47149593 | G30: 0.36794113 | H30: 63309.499
A31: MAY | B31: 2021 | C31: 2.0154062 | D31: 1.6419492 | E31: 2.0878175 | F31: 1.471843 | G31: 1.5380937 | H31: 60800.383 | I31: =($H31-$H30)/$H30*100 -> -3.9632523
A32: JUNE | B32: 2021 | C32: 1.3392221 | D32: -0.57321522 | E32: 0.084334809 | F32: -0.12612991 | G32: 0.30609842 | H32: 61073.299 | I32: =($H32-$H31)/$H31*100 -> 0.44887138
A33: JULY | B33: 2021 | C33: 0.61389943 | D33: 0.20964361 | E33: 0.54771435 | F33: 0.61039781 | G33: 0.77464789 | H33: 59460.95 | I33: =($H33-$H32)/$H32*100 -> -2.6400221
A34: AUGUST | B34: 2021 | C34: -0.23288309 | D34: 0.4707113 | E34: 1.1942175 | F34: 0.87866109 | G34: 0.62893082 | H34: 67310.66 | I34: =($H34-$H33)/$H33*100 -> 13.201453
A35: SEPTEMBER | B35: 2021 | C35: 0 | D35: 0 | E35: 0.041407867 | F35: 0 | G35: -0.0077160494 | H35: 69109.876 | I35: =($H35-$H34)/$H34*100 -> 2.6730036
A36: OCTOBER | B36: 2021 | C36: 1.5639589 | D36: 0.31233732 | E36: 0.64155629 | F36: 0.82953131 | G36: 0.47843198 | H36: 72054.197 | I36: =($H36-$H35)/$H35*100 -> 4.2603473
A37: NOVEMBER | B37: 2021 | C37: 0.85497587 | D37: 0.10378827 | E37: 0.84310097 | F37: 0.24681201 | G37: 0.34559558 | H37: 79009.389 | I37: =($H37-$H36)/$H36*100 -> 9.6527226
A38: DECEMBER | B38: 2021 | C38: -0.60161342 | D38: -0.25920166 | E38: 0.77487765 | F38: 0.061551087 | G38: 0.32909842 | H38: 81771.142 | I38: =($H38-$H37)/$H37*100 -> 3.4954746
A39: JANUARY | B39: 2022 | C39: -0.76573892 | D39: -0.1039501 | E39: 0.99150142 | F39: 0.43059258 | G39: 0.35853231 | H39: 86692.515 | I39: =($H39-$H38)/$H38*100 -> 6.0184724
A40: FEBRUARY | B40: 2022 | C40: -0.13861935 | D40: 0.31217482 | E40: 0.7413344 | F40: 0.65332789 | G40: 0.49407115 | H40: 87441.416 | I40: =($H40-$H39)/$H39*100 -> 0.86385887
A41: MARCH | B41: 2022 | C41: 1.0642236 | D41: 0.46680498 | E41: 0.99443119 | F41: 0.46653144 | G41: 0.67317147 | H41: 113228.87 | I41: =($H41-$H40)/$H40*100 -> 29.491115
A42: APRIL | B42: 2022 | C42: 1.3780789 | D42: 0.10325245 | E42: 1.0634108 | F42: 1.5949929 | G42: 1.0067618 | H42: 128800.07 | I42: =($H42-$H41)/$H41*100 -> 13.751971
... A53: MARCH | B53: 2023 | C53: 0.0043876969 | D53: 0 | E53: -0.018181818 | F53: -0.037750094 | G53: 0 | H53: 89613.479 | I53: =($H53-$H52)/$H52*100 -> 4.4467332

Sheet Sheet4
A3: Row Labels | B3: Sum of General index
A4: January | B4: 4559.1
A5: February | B5: 4559.8
A6: March | B6: 4570.4
A7: April | B7: 4178.15
A8: May | B8: 4632.825
A9: June | B9: 4133.2
A10: July | B10: 4171
A11: August | B11: 4200.2
A12: September | B12: 4211.7
A13: October | B13: 4243
A14: November | B14: 4265
A15: December | B15: 4254.1
A16: Grand Total | B16: 51978.475
A18: Average of General index | B18: Column Labels
A19: Row Labels | B19: Rural | C19: Rural+Urban | D19: Urban | E19: Grand Total
A20: 2013 | B20: 110.4 | C20: 110.03333 | D20: 109.60833 | E20: 110.01389
A21: 2014 | B21: 117.89167 | C21: 117.35 | D21: 116.74167 | E21: 117.32778
A22: 2015 | B22: 124.30833 | C22: 123.10833 | D22: 121.69167 | E22: 123.03611
A23: 2016 | B23: 131.275 | C23: 129.2 | D23: 126.825 | E23: 129.1
A24: 2017 | B24: 135.63333 | C24: 133.5 | D24: 131.025 | E24: 133.38611
A25: 2018 | B25: 140.73333 | C25: 138.775 | D25: 136.5 | E25: 138.66944
A26: 2019 | B26: 145.18182 | C26: 144.18182 | D26: 143.01818 | E26: 144.12727
A27: 2020 | B27: 153.825 | C27: 152.77292 | D27: 151.55 | E27: 152.71597
A28: 2021 | B28: 162.03333 | C28: 161.45833 | D28: 160.75833 | E28: 161.41667
A29: 2022 | B29: 173.125 | C29: 172.15 | D29: 170.95 | E29: 172.075
A30: 2023 | B30: 178.48 | C30: 177.62 | D30: 176.62 | E30: 177.57333
A31: Grand Total | B31: 140.96855 | C31: 139.79254 | D31: 138.42016 | E31: 139.72708
C33: Category | D33: Sum
C34: Cereals and products | D34: 12.08522
C35: Meat and fish | D35: -1.0960038
C36: Egg | D36: 7.5858021
C37: Milk and products | D37: 8.5207275
C38: Oils and fats | D38: -11.618753
C39: Fruits | D39: 5.9318799
C40: Vegetables | D40: 6.5629058
C41: Pulses and products | D41: 15.169684
C42: Sugar and Confectionery | D42: 3.3958434
C43: Spices | D43: 6.6560215
C44: Non-alcoholic beverages | D44: 2.8797011
C45: Prepared meals, snacks, sweets etc. | D45: 42.753076
C46: Food and beverages | D46: -1490.3233

Sheet Dashboard
A1: CPI | E1: HIGHEST CPI | I1: LOWEST CPI | M1: AVERAGE CPI | Q1: MONTH(Highest CPI) | U1: MONTH(Lowest CPI)
E3: =MAX('Broad Categories'!$J$2:$J$373) -> 179.8 | I3: =MIN('Broad Categories'!$J$2:$J$373) -> 104 | M3: =AVERAGE('Broad Categories'!$J$2:$J$373) -> 139.72708 | Q3: =INDEX('Broad Categories'!$B$2:$B$373,MATCH(MAX('Broad Categories'!$J$2:$J$373),'Broad Categories'!$J$2:$J$373,0)) -> May 2023 | U3: =INDEX('Broad Categories'!$B$2:$B$373,MATCH(MIN('Broad Categories'!$J$2:$J$373),'Broad Categories'!$J$2:$J$373,0)) -> January 2013

Sheet Notes
H1: PROBLEM 3
B2: month | C2: index | E2: Password for the raw data: | F2: CN | H2: Year | I2: Month | J2: Cereals and products | K2: Meat and fish | L2: Egg | M2: Milk and products | N2: Oils and fats | O2: Fruits | P2: Vegetables | Q2: Pulses and products | R2: Sugar and Confectionery | S2: Spices | T2: Non-alcoholic beverages | U2: Prepared meals, snacks, sweets etc. | V2: Food and beverages
B3: January 2013 | C3: 100.3 | H3: 2022 | I3: June | J3: 0.58403634 | K3: 1.1059908 | L3: 5.1724138 | M3: 0.54578532 | N3: -0.74110672 | O3: -0.76023392 | P3: 4.2309891 | Q3: -0.24286582 | R3: 0.16708438 | S3: 1.1898323 | T3: 0.47875524 | U3: 0.76712329 | V3: 0.92325447
B4: February 2013 | C4: 100.4 | H4: 2022 | I4: July | J4: 0.96774194 | K4: -2.9170465 | L4: 2.5761124 | M4: 0.48250905 | N4: -0.10970927 | O4: 0 | P4: 0.083402836 | Q4: 1.5499733 | R4: 0.29779631 | S4: 0.70690593 | T4: 0.057175529 | U4: 65.698925 | V4: -363.74962
B5: March 2013 | C5: 100.4 | H5: 2022 | I5: August | J5: 2.428115 | K5: -3.0516432 | L5: -3.4246575 | M5: 0.90036014 | N5: 2.5260846 | O5: 1.7650639 | P5: 0.75 | Q5: 1.8947368 | R5: 0.23752969 | S5: 0.59395248 | T5: 0.74285714 | U5: 150.90522 | V5: 4.6141432
B6: April 2013 | C6: 100.5 | H6: 2022 | I6: September | J6: 1.996257 | K6: 1.3075061 | L6: 0.29550827 | M6: 0.9518144 | N6: 2.7316551 | O6: 1.1363636 | P6: 0.5789909 | Q6: 1.911157 | R6: 0.35545024 | S6: 0.59044552 | T6: 0.85082246 | U6: -17.785731 | V6: -142.84597
B7: May 2013 | C7: 100.5 | H7: 2022 | I7: October | J7: 1.0397554 | K7: 0.8126195 | L7: 0.70713023 | M7: 0.70713023 | N7: 4.1188738 | O7: 0.41395624 | P7: 0.24671053 | Q7: 1.3177902 | R7: 0.29515939 | S7: 0.48025614 | T7: 1.0123735 | U7: -47.914755 | V7: -37.849657
B8: June 2013 | C8: 106.6 | H8: 2022 | I8: November | J8: 1.3317191 | K8: -0.71123755 | L8: 6.1439438 | M8: 0.81919251 | N8: -8.3124687 | O8: 0.41224971 | P8: 0.16406891 | Q8: 1.4507254 | R8: 0.29429076 | S8: 0.63728093 | T8: -0.72383073 | U8: 28.080046 | V8: -187.52406
B9: July 2013 | C9: 107.7 | H9: 2022 | I9: December | J9: 1.0752688 | K9: -0.19102197 | L9: 4.8511577 | M9: 0.75449797 | N9: -12.670672 | O9: 0.17595308 | P9: -0.24570025 | Q9: 1.183432 | R9: 0.35211268 | S9: 0.42216359 | T9: -1.346046 | U9: -19.257087 | V9: -73.142311
B10: August 2013 | C10: 108.9 | H10: 2023 | I10: January | J10: 2.7186761 | K10: 0.81339713 | L10: 2.2607781 | M10: 0.57603687 | N10: -3.7523452 | O10: 0.058548009 | P10: -0.57471264 | Q10: 1.5594542 | R10: 0.23391813 | S10: 0.47293747 | T10: 0.45480387 | U10: 152.83688 | V10: -525.8134
B11: September 2013 | C11: 109.7 | H11: 2023 | I11: February | J11: 0.3452244 | K11: -1.4238253 | L11: -9.9228792 | M11: 1.5463918 | N11: -0.7797271 | O11: 0.058513751 | P11: -0.90834021 | Q11: 0.62380038 | R11: 0.52508751 | S11: 0.94142259 | T11: 0.16977929 | U11: -87.301746 | V11: -275.04676
B12: October 2013 | C12: 110.5 | H12: 2023 | I12: March | J12: 0 | K12: 0 | L12: 0 | M12: 0 | N12: 0.065487885 | O12: 0.058479532 | P12: 0 | Q12: 0 | R12: 0 | S12: 0 | T12: 0 | U12: -100 | V12: -100
B13: November 2013 | C13: 111.1 | H13: 2023 | I13: April | J13: -0.3440367 | K13: 0.77034184 | L13: -3.196347 | M13: 0.62041737 | N13: 1.7015707 | O13: 1.3442431 | P13: 1.0833333 | Q13: 1.5259895 | R13: 0.34822983 | S13: 0.25906736 | T13: 0.50847458
B14: December 2013 | C14: 110.7 | H14: 2023 | I14: May | J14: -0.057537399 | K14: 2.3889154 | L14: 2.1226415 | M14: 0.61659193 | N14: 3.6036036 | O14: 1.2687428 | P14: 1.1541632 | Q14: 2.3954908 | R14: 0.2891845 | S14: 0.36175711 | T14: 0.67453626 | U14: -83.275796 | V14: 210.11108
B15: January 2014 | C15: 111.6
B16: February 2014 | C16: 112.5 | I16: SUM | J16: =SUM(J3:J14) -> 12.08522 | K16: =SUM(K3:K14) -> -1.0960038 | L16: =SUM(L3:L14) -> 7.5858021 | M16: =SUM(M3:M14) -> 8.5207275 | N16: =SUM(N3:N14) -> -11.618753 | O16: =SUM(O3:O14) -> 5.9318799 | P16: =SUM(P3:P14) -> 6.5629058 | Q16: =SUM(Q3:Q14) -> 15.169684 | ... V16: =SUM(V3:V14) -> -1490.3233
B17: March 2014 | C17: 113.2
B18: April 2014 | C18: 113.9 | H18: PROBLEM 4 | I18: 24 months before march 2020
B19: May 2014 | C19: 114.3 | H19: Year | I19: Month | J19: FOOD | K19: INFLATION(FOOD) | L19: ESSENTIAL SERVICES | M19: INFLATION(ESSENTIAL) | N19: HEALTH | O19: INFLATION(HEALTH)
B20: June 2014 | C20: 113.9 | H20: 2018 | I20: February | J20: 1760.4 | L20: 815 | N20: 133.8
B21: July 2014 | C21: 114.8 | H21: 2018 | I21: March | J21: 1756 | K21: =($J21-$J20)/$J20*100 -> -0.24994319 | L21: 818 | M21: =($L21-$L20)/$L20*100 -> 0.36809816 | N21: 134.3 | O21: =($N21-$N20)/$N20*100 -> 0.37369208
B22: August 2014 | C22: 115.5 | H22: 2018 | I22: April | J22: 1757.1 | K22: =($J22-$J21)/$J21*100 -> 0.062642369 | L22: 823.3 | M22: =($L22-$L21)/$L21*100 -> 0.64792176 | N22: 135.2 | O22: =($N22-$N21)/$N21*100 -> 0.67014147
B23: September 2014 | C23: 116.1 | H23: 2018 | I23: May | J23: 1759.8 | K23: =($J23-$J22)/$J22*100 -> 0.15366228 | L23: 827.2 | M23: =($L23-$L22)/$L22*100 -> 0.47370339 | N23: 136 | O23: =($N23-$N22)/$N22*100 -> 0.59171598
B24: October 2014 | C24: 116.7 | H24: 2018 | I24: June | J24: 1774.1 | K24: =($J24-$J23)/$J23*100 -> 0.81259234 | L24: 830.2 | M24: =($L24-$L23)/$L23*100 -> 0.36266925 | N24: 136.2 | O24: =($N24-$N23)/$N23*100 -> 0.14705882
H25: 2018 | I25: July | J25: 1795.3 | K25: =($J25-$J24)/$J24*100 -> 1.1949721 | L25: 835.8 | M25: =($L25-$L24)/$L24*100 -> 0.67453626 | N25: 137 | O25: =($N25-$N24)/$N24*100 -> 0.58737151
B26: November 2014 | C26: 117.1 | H26: 2018 | I26: August | J26: 1798.7 | K26: =($J26-$J25)/$J25*100 -> 0.18938339 | L26: 841.3 | M26: =($L26-$L25)/$L25*100 -> 0.65805217 | N26: 137.7 | O26: =($N26-$N25)/$N25*100 -> 0.51094891
H27: 2018 | I27: September | J27: 1779.5 | K27: =($J27-$J26)/$J26*100 -> -1.0674376 | L27: 846 | M27: =($L27-$L26)/$L26*100 -> 0.55865922 | N27: 138.4 | O27: =($N27-$N26)/$N26*100 -> 0.50835149
B28: December 2014 | C28: 116.5 | H28: 2018 | I28: October | J28: 1776.2 | K28: =($J28-$J27)/$J27*100 -> -0.18544535 | L28: 854.5 | M28: =($L28-$L27)/$L27*100 -> 1.0047281 | N28: 142.1 | O28: =($N28-$N27)/$N27*100 -> 2.6734104
H29: 2018 | I29: November | J29: 1775.7 | K29: =($J29-$J28)/$J28*100 -> -0.028149983 | L29: 854.2 | M29: =($L29-$L28)/$L28*100 -> -0.03510825 | N29: 142.1 | O29: =($N29-$N28)/$N28*100 -> 0
B30: January 2015 | C30: 117.3 | H30: 2018 | I30: December | J30: 1762.8 | K30: =($J30-$J29)/$J29*100 -> -0.72647407 | L30: 852.9 | M30: =($L30-$L29)/$L29*100 -> -0.15218918 | N30: 144.9 | O30: =($N30-$N29)/$N29*100 -> 1.9704433
H31: 2019 | I31: January | J31: 1753.4 | K31: =($J31-$J30)/$J30*100 -> -0.53324257 | L31: 850.7 | M31: =($L31-$L30)/$L30*100 -> -0.25794349 | N31: 145.1 | O31: =($N31-$N30)/$N30*100 -> 0.13802622
B32: February 2015 | C32: 118.1 | H32: 2019 | I32: February | J32: 1757.1 | K32: =($J32-$J31)/$J31*100 -> 0.21101859 | L32: 851.3 | M32: =($L32-$L31)/$L31*100 -> 0.070530152 | N32: 145.6 | O32: =($N32-$N31)/$N31*100 -> 0.34458994
H33: 2019 | I33: March | J33: 1762.9 | K33: =($J33-$J32)/$J32*100 -> 0.33008935 | L33: 854.1 | M33: =($L33-$L32)/$L32*100 -> 0.32890873 | N33: 146.2 | O33: =($N33-$N32)/$N32*100 -> 0.41208791
B34: March 2015 | C34: 118.6 | H34: 2019 | I34: May | J34: 1791.9 | K34: =($J34-$J33)/$J33*100 -> 1.6450167 | L34: 857.9 | M34: =($L34-$L33)/$L33*100 -> 0.44491277 | N34: 146.9 | O34: =($N34-$N33)/$N33*100 -> 0.47879617
H35: 2019 | I35: June | J35: 1814.1 | K35: =($J35-$J34)/$J34*100 -> 1.2389084 | L35: 858.9 | M35: =($L35-$L34)/$L34*100 -> 0.1165637 | N35: 147.4 | O35: =($N35-$N34)/$N34*100 -> 0.3403676
B36: April 2015 | C36: 119.2 | H36: 2019 | I36: July | J36: 1837.5 | K36: =($J36-$J35)/$J35*100 -> 1.2898958 | L36: 861.3 | M36: =($L36-$L35)/$L35*100 -> 0.27942717 | N36: 147.9 | O36: =($N36-$N35)/$N35*100 -> 0.33921303
H37: 2019 | I37: August | J37: 1846.5 | K37: =($J37-$J36)/$J36*100 -> 0.48979592 | L37: 863.2 | M37: =($L37-$L36)/$L36*100 -> 0.22059677 | N37: 148.5 | O37: =($N37-$N36)/$N36*100 -> 0.40567951
B38: May 2015 | C38: 119.6 | H38: 2019 | I38: September | J38: 1857.7 | K38: =($J38-$J37)/$J37*100 -> 0.60655294 | L38: 865.2 | M38: =($L38-$L37)/$L37*100 -> 0.23169601 | N38: 149 | O38: =($N38-$N37)/$N37*100 -> 0.33670034
H39: 2019 | I39: October | J39: 1885.6 | K39: =($J39-$J38)/$J38*100 -> 1.5018571 | L39: 868.5 | M39: =($L39-$L38)/$L38*100 -> 0.3814147 | N39: 149.4 | O39: =($N39-$N38)/$N38*100 -> 0.26845638
B40: June 2015 | C40: 119 | H40: 2019 | I40: November | J40: 1910.9 | K40: =($J40-$J39)/$J39*100 -> 1.341748 | L40: 871.8 | M40: =($L40-$L39)/$L39*100 -> 0.37996546 | N40: 149.9 | O40: =($N40-$N39)/$N39*100 -> 0.33467202
H41: 2019 | I41: December | J41: 1946.1 | K41: =($J41-$J40)/$J40*100 -> 1.8420639 | L41: 876.8 | M41: =($L41-$L40)/$L40*100 -> 0.57352604 | N41: 150.4 | O41: =($N41-$N40)/$N40*100 -> 0.3335557
B42: July 2015 | C42: 119.9 | H42: 2020 | I42: January | J42: 1940.4 | K42: =($J42-$J41)/$J41*100 -> -0.29289348 | L42: 880.9 | M42: =($L42-$L41)/$L41*100 -> 0.46760949 | N42: 151.2 | O42: =($N42-$N41)/$N41*100 -> 0.53191489
H43: 2020 | I43: February | J43: 1911.6 | K43: =($J43-$J42)/$J42*100 -> -1.4842301 | L43: 884.4 | M43: =($L43-$L42)/$L42*100 -> 0.39732092 | N43: 151.7 | O43: =($N43-$N42)/$N42*100 -> 0.33068783
B44: August 2015 | C44: 120.9
B46: September 2015 | C46: 121.6
I47: 24 month after march 2020
B48: October 2015 | C48: 122.4 | H48: Year | I48: Month | J48: FOOD | K48: INFLATION(FOOD) | L48: ESSENTIAL SERVICES | M48: INFLATION(ESSENTIAL) | N48: HEALTH | O48: INFLATION(HEALTH)
H49: 2020 | I49: March | J49: 1895.4 | K49: =($J49-$J43)/$J43*100 -> -0.84745763 | L49: 885.6 | M49: =($L49-$L43)/$L43*100 -> 0.13568521 | N49: 152.3 | O49: =($N49-$N43)/$N43*100 -> 0.39551747
B50: November 2015 | C50: 122.9 | H50: 2020 | I50: April | J50: 1961.65 | K50: =($J50-$J49)/$J49*100 -> 3.4953044 | L50: 877.15 | M50: =($L50-$L49)/$L49*100 -> -0.95415537 | N50: 150.7 | O50: =($N50-$N49)/$N49*100 -> -1.0505581
H51: 2020 | I51: May | J51: 2265.625 | K51: =($J51-$J50)/$J50*100 -> 15.495884 | L51: 881.475 | M51: =($L51-$L50)/$L50*100 -> 0.49307416 | N51: 152.55 | O51: =($N51-$N50)/$N50*100 -> 1.2276045
B52: December 2015 | C52: 122.4 | H52: 2020 | I52: June | J52: 1966.8 | K52: =($J52-$J51)/$J51*100 -> -13.189517 | L52: 885.8 | M52: =($L52-$L51)/$L51*100 -> 0.49065487 | N52: 154.4 | O52: =($N52-$N51)/$N51*100 -> 1.2127171
H53: 2020 | I53: July | J53: 1966.8 | K53: =($J53-$J52)/$J52*100 -> 0 | L53: 885.8 | M53: =($L53-$L52)/$L52*100 -> 0 | N53: 154.4 | O53: =($N53-$N52)/$N52*100 -> 0
B54: January 2016 | C54: 123.4 | H54: 2020 | I54: August | J54: 1995.2 | K54: =($J54-$J53)/$J53*100 -> 1.4439699 | L54: 895.6 | M54: =($L54-$L53)/$L53*100 -> 1.1063445 | N54: 155 | O54: =($N54-$N53)/$N53*100 -> 0.38860104
H55: 2020 | I55: September | J55: 2007 | K55: =($J55-$J54)/$J54*100 -> 0.59141941 | L55: 897 | M55: =($L55-$L54)/$L54*100 -> 0.15631979 | N55: 155.6 | O55: =($N55-$N54)/$N54*100 -> 0.38709677
B56: February 2016 | C56: 124.4 | H56: 2020 | I56: October | J56: 2048.6 | K56: =($J56-$J55)/$J55*100 -> 2.0727454 | L56: 899.7 | M56: =($L56-$L55)/$L55*100 -> 0.30100334 | N56: 156.3 | O56: =($N56-$N55)/$N55*100 -> 0.44987147
H57: 2020 | I57: November | J57: 2095.6 | K57: =($J57-$J56)/$J56*100 -> 2.2942497 | L57: 902.6 | M57: =($L57-$L56)/$L56*100 -> 0.32232967 | N57: 157.2 | O57: =($N57-$N56)/$N56*100 -> 0.57581574
B58: March 2016 | C58: 124.9 | H58: 2020 | I58: December | J58: 2109.1 | K58: =($J58-$J57)/$J57*100 -> 0.64420691 | L58: 906.4 | M58: =($L58-$L57)/$L57*100 -> 0.42100598 | N58: 158.3 | O58: =($N58-$N57)/$N57*100 -> 0.69974555
H59: 2021 | I59: March | J59: 2039.4 | K59: =($J59-$J58)/$J58*100 -> -3.3047271 | L59: 929.4 | M59: =($L59-$L58)/$L58*100 -> 2.537511 | N59: 161.7 | O59: =($N59-$N58)/$N58*100 -> 2.1478206
B60: April 2016 | C60: 125.6 | H60: 2021 | I60: April | J60: 2064.1 | K60: =($J60-$J59)/$J59*100 -> 1.2111405 | L60: 933 | M60: =($L60-$L59)/$L59*100 -> 0.38734668 | N60: 162.3 | O60: =($N60-$N59)/$N59*100 -> 0.37105751
H61: 2021 | I61: May | J61: 2105.7 | K61: =($J61-$J60)/$J60*100 -> 2.0154062 | L61: 946.2 | M61: =($L61-$L60)/$L60*100 -> 1.414791 | N61: 165.8 | O61: =($N61-$N60)/$N60*100 -> 2.1565003
B62: May 2016 | C62: 126 | H62: 2021 | I62: June | J62: 2133.9 | K62: =($J62-$J61)/$J61*100 -> 1.3392221 | L62: 948.2 | M62: =($L62-$L61)/$L61*100 -> 0.2113718 | N62: 166.3 | O62: =($N62-$N61)/$N61*100 -> 0.30156815
H63: 2021 | I63: July | J63: 2147 | K63: =($J63-$J62)/$J62*100 -> 0.61389943 | L63: 955.7 | M63: =($L63-$L62)/$L62*100 -> 0.79097237 | N63: 167 | O63: =($N63-$N62)/$N62*100 -> 0.42092604
B64: June 2016 | C64: 125.5 | H64: 2021 | I64: August | J64: 2142 | K64: =($J64-$J63)/$J63*100 -> -0.23288309 | L64: 963.2 | M64: =($L64-$L63)/$L63*100 -> 0.78476509 | N64: 168.4 | O64: =($N64-$N63)/$N63*100 -> 0.83832335
H65: 2021 | I65: September | J65: 2142 | K65: =($J65-$J64)/$J64*100 -> 0 | L65: 963.2 | M65: =($L65-$L64)/$L64*100 -> 0 | N65: 168.4 | O65: =($N65-$N64)/$N64*100 -> 0
B66: July 2016 | C66: 126.4 | H66: 2021 | I66: October | J66: 2175.5 | K66: =($J66-$J65)/$J65*100 -> 1.5639589 | L66: 970.1 | M66: =($L66-$L65)/$L65*100 -> 0.71636213 | N66: 169.1 | O66: =($N66-$N65)/$N65*100 -> 0.41567696
H67: 2021 | I67: November | J67: 2194.1 | K67: =($J67-$J66)/$J66*100 -> 0.85497587 | L67: 972.3 | M67: =($L67-$L66)/$L66*100 -> 0.22678074 | N67: 169.9 | O67: =($N67-$N66)/$N66*100 -> 0.47309284
B68: August 2016 | C68: 127.3 | H68: 2021 | I68: December | J68: 2180.9 | K68: =($J68-$J67)/$J67*100 -> -0.60161342 | L68: 974.8 | M68: =($L68-$L67)/$L67*100 -> 0.25712229 | N68: 170.6 | O68: =($N68-$N67)/$N67*100 -> 0.41200706
H69: 2022 | I69: January | J69: 2164.2 | K69: =($J69-$J68)/$J68*100 -> -0.76573892 | L69: 979.5 | M69: =($L69-$L68)/$L68*100 -> 0.48215018 | N69: 171.4 | O69: =($N69-$N68)/$N68*100 -> 0.46893318
B70: September 2016 | C70: 127.9 | H70: 2022 | I70: February | J70: 2161.2 | K70: =($J70-$J69)/$J69*100 -> -0.13861935 | L70: 984.9 | M70: =($L70-$L69)/$L69*100 -> 0.55130168 | N70: 172.2 | O70: =($N70-$N69)/$N69*100 -> 0.46674446
H71: 2022 | I71: March | J71: 2184.2 | K71: =($J71-$J70)/$J70*100 -> 1.0642236 | L71: 990.3 | M71: =($L71-$L70)/$L70*100 -> 0.54827901 | N71: 173 | O71: =($N71-$N70)/$N70*100 -> 0.46457607
B72: October 2016 | C72: 128.7 | H72: 2022 | I72: April | J72: 2279.2 | K72: =($J72-$J71)/$J71*100 -> 4.3494186 | L72: 1053.9 | M72: =($L72-$L71)/$L71*100 -> 6.4222963 | N72: 184.4 | O72: =($N72-$N71)/$N71*100 -> 6.5895954
B74: November 2016 | C74: 129.1
B76: December 2016 | C76: 128.5
B78: January 2017 | C78: 129.6
B80: February 2017 | C80: 130.5
B82: March 2017 | C82: 131.1
B84: April 2017 | C84: 131.7
B86: May 2017 | C86: 132.1
B88: June 2017 | C88: 131.4
B90: July 2017 | C90: 132.6
B92: August 2017 | C92: 134.4
B94: September 2017 | C94: 135.7
B96: October 2017 | C96: 137.3
... B175: February 2021 | C175: 159.8
B176: March 2021 | C176: -
B177: March 2021 | C177: 159.9
B178: April 2021 | C178: -
B179: April 2021 | C179: 161.4
B181: May 2021 | C181: 161.6
B183: June 2021 | C183: 160.5
B185: July 2021 | C185: 161.5
B187: August 2021 | C187: 162.1
B189: September 2021 | C189: 162.1
B191: October 2021 | C191: 163.6
B193: November 2021 | C193: 164.2
B195: December 2021 | C195: 163.4
B197: January 2022 | C197: 164.5
B199: February 2022 | C199: 165.5
B201: March 2022 | C201: 165.3
... B225: March 2023 | C225: 173.5
...
